,pdb_id,mol_id,mol_name,chain,taxon_id
0,2IEQ,1,SPIKE GLYCOPROTEIN,A,277944
1,2IEQ,1,SPIKE GLYCOPROTEIN,B,277944
2,2IEQ,1,SPIKE GLYCOPROTEIN,C,277944
3,5WRG,1,SPIKE GLYCOPROTEIN,A,227859
4,5WRG,1,SPIKE GLYCOPROTEIN,B,227859
5,5WRG,1,SPIKE GLYCOPROTEIN,C,227859
6,5GNB,1,SPIKE GLYCOPROTEIN,A,443239
7,5X5F,1,S PROTEIN,A,1335626
8,5X5F,1,S PROTEIN,B,1335626
9,5X5F,1,S PROTEIN,C,1335626
10,5X5B,1,SPIKE GLYCOPROTEIN,A,228407
11,5X5B,1,SPIKE GLYCOPROTEIN,B,228407
12,5X5B,1,SPIKE GLYCOPROTEIN,C,228407
13,5X5C,1,S PROTEIN,A,1335626
14,5X5C,1,S PROTEIN,B,1335626
15,5X5C,1,S PROTEIN,C,1335626
16,5X4R,1,S PROTEIN,A,1335626
17,6U7H,1,SPIKE GLYCOPROTEIN,A,11137
18,6U7H,1,SPIKE GLYCOPROTEIN,B,11137
19,6U7H,1,SPIKE GLYCOPROTEIN,C,11137
20,5X4S,1,SPIKE GLYCOPROTEIN,A,227859
21,5XLR,1,SPIKE GLYCOPROTEIN,A,227859
22,5XLR,1,SPIKE GLYCOPROTEIN,B,227859
23,5XLR,1,SPIKE GLYCOPROTEIN,C,227859
24,4ZPW,1,SPIKE GLYCOPROTEIN,R,1263720
25,4ZPW,1,SPIKE GLYCOPROTEIN,S,1263720
26,5X58,1,SPIKE GLYCOPROTEIN,A,228407
27,5X58,1,SPIKE GLYCOPROTEIN,B,228407
28,5X58,1,SPIKE GLYCOPROTEIN,C,228407
29,5X59,1,S PROTEIN,A,1335626
30,5X59,1,S PROTEIN,B,1335626
31,5X59,1,S PROTEIN,C,1335626
32,5KWB,1,SPIKE GLYCOPROTEIN,A,443239
33,6CV0,1,SPIKE GLYCOPROTEIN,A,11120
34,6CV0,1,SPIKE GLYCOPROTEIN,B,11120
35,6CV0,1,SPIKE GLYCOPROTEIN,C,11120
36,2GHV,1,SPIKE GLYCOPROTEIN,E,227859
37,2GHV,1,SPIKE GLYCOPROTEIN,C,227859
38,6ACD,1,SPIKE GLYCOPROTEIN,A,227859
39,6ACD,1,SPIKE GLYCOPROTEIN,B,227859
40,6ACD,1,SPIKE GLYCOPROTEIN,C,227859
41,6Q06,1,SPIKE GLYCOPROTEIN,A,1235996
42,6Q06,1,SPIKE GLYCOPROTEIN,B,1235996
43,6Q06,1,SPIKE GLYCOPROTEIN,C,1235996
44,6VYB,1,SPIKE GLYCOPROTEIN,A,2697049
45,6VYB,1,SPIKE GLYCOPROTEIN,B,2697049
46,6VYB,1,SPIKE GLYCOPROTEIN,C,2697049
47,6Q07,1,SPIKE GLYCOPROTEIN,A,1235996
48,6Q07,1,SPIKE GLYCOPROTEIN,B,1235996
49,6Q07,1,SPIKE GLYCOPROTEIN,C,1235996
50,6Q05,1,SPIKE GLYCOPROTEIN,A,1235996
51,6Q05,1,SPIKE GLYCOPROTEIN,B,1235996
52,6Q05,1,SPIKE GLYCOPROTEIN,C,1235996
53,6ACC,1,SPIKE GLYCOPROTEIN,A,227859
54,6ACC,1,SPIKE GLYCOPROTEIN,B,227859
55,6ACC,1,SPIKE GLYCOPROTEIN,C,227859
56,6Q04,1,SPIKE GLYCOPROTEIN,A,1235996
57,6Q04,1,SPIKE GLYCOPROTEIN,B,1235996
58,6Q04,1,SPIKE GLYCOPROTEIN,C,1235996
