,pdb,sheet,strand,start_chain,end_chain,start_resname,end_resname,start_resid,end_resid
0,5WRG,AA1,1,A,A,TYR,ASP,266,267
1,5WRG,AA1,2,A,A,THR,ILE,271,272
2,5WRG,AA2,1,A,A,THR,SER,302,303
3,5WRG,AA2,2,A,A,GLY,VAL,580,583
4,5WRG,AA2,3,A,A,ALA,TYR,595,598
5,5WRG,AA2,4,A,A,CYS,ILE,635,637
6,5WRG,AA2,5,A,A,PHE,GLN,629,630
7,5WRG,AA3,1,A,A,GLU,LYS,341,344
8,5WRG,AA3,2,A,A,TYR,VAL,383,389
9,5WRG,AA3,3,A,A,TYR,LEU,494,499
10,5WRG,AA3,4,A,A,GLY,ASN,418,424
11,5WRG,AA3,5,A,A,THR,TYR,363,367
12,5WRG,AA4,1,A,A,TYR,ARG,440,441
13,5WRG,AA4,2,A,A,LEU,ASN,478,479
14,5WRG,AA5,1,A,A,VAL,THR,537,539
15,5WRG,AA5,2,A,A,LEU,SER,571,574
16,5WRG,AA5,3,A,A,SER,VAL,561,562
17,5WRG,AA6,1,A,A,PHE,SER,700,701
18,5WRG,AA6,2,A,A,VAL,PRO,1050,1051
19,5WRG,AA7,1,A,A,ILE,PRO,704,710
20,5WRG,AA7,2,A,A,GLY,VAL,1041,1047
21,5WRG,AA7,3,A,A,SER,PRO,1033,1035
22,5WRG,AA8,1,A,A,THR,VAL,716,718
23,5WRG,AA8,2,A,A,LEU,VAL,840,842
24,5WRG,AA9,1,B,B,TYR,ASP,266,267
25,5WRG,AA9,2,B,B,THR,ILE,271,272
26,5WRG,AB1,1,B,B,THR,SER,302,303
27,5WRG,AB1,2,B,B,GLY,VAL,580,583
28,5WRG,AB1,3,B,B,ALA,TYR,595,598
29,5WRG,AB1,4,B,B,CYS,ILE,635,637
30,5WRG,AB1,5,B,B,PHE,GLN,629,630
31,5WRG,AB2,1,B,B,GLU,LYS,341,344
32,5WRG,AB2,2,B,B,TYR,VAL,383,389
33,5WRG,AB2,3,B,B,TYR,LEU,494,499
34,5WRG,AB2,4,B,B,GLY,ASN,418,424
35,5WRG,AB2,5,B,B,THR,TYR,363,367
36,5WRG,AB3,1,B,B,TYR,ARG,440,441
37,5WRG,AB3,2,B,B,LEU,ASN,478,479
38,5WRG,AB4,1,B,B,VAL,THR,537,539
39,5WRG,AB4,2,B,B,LEU,SER,571,574
40,5WRG,AB4,3,B,B,SER,VAL,561,562
41,5WRG,AB5,1,B,B,PHE,SER,700,701
42,5WRG,AB5,2,B,B,VAL,PRO,1050,1051
43,5WRG,AB6,1,B,B,ILE,PRO,704,710
44,5WRG,AB6,2,B,B,GLY,VAL,1041,1047
45,5WRG,AB6,3,B,B,SER,PRO,1033,1035
46,5WRG,AB7,1,B,B,THR,VAL,716,718
47,5WRG,AB7,2,B,B,LEU,VAL,840,842
48,5WRG,AB8,1,C,C,TYR,ASP,266,267
49,5WRG,AB8,2,C,C,THR,ILE,271,272
50,5WRG,AB9,1,C,C,THR,SER,302,303
51,5WRG,AB9,2,C,C,GLY,VAL,580,583
52,5WRG,AB9,3,C,C,ALA,TYR,595,598
53,5WRG,AB9,4,C,C,CYS,ILE,635,637
54,5WRG,AB9,5,C,C,PHE,GLN,629,630
55,5WRG,AC1,1,C,C,GLU,LYS,341,344
56,5WRG,AC1,2,C,C,TYR,VAL,383,389
57,5WRG,AC1,3,C,C,TYR,LEU,494,499
58,5WRG,AC1,4,C,C,GLY,ASN,418,424
59,5WRG,AC1,5,C,C,THR,TYR,363,367
60,5WRG,AC2,1,C,C,TYR,ARG,440,441
61,5WRG,AC2,2,C,C,LEU,ASN,478,479
62,5WRG,AC3,1,C,C,VAL,THR,537,539
63,5WRG,AC3,2,C,C,LEU,SER,571,574
64,5WRG,AC3,3,C,C,SER,VAL,561,562
65,5WRG,AC4,1,C,C,PHE,SER,700,701
66,5WRG,AC4,2,C,C,VAL,PRO,1050,1051
67,5WRG,AC5,1,C,C,ILE,PRO,704,710
68,5WRG,AC5,2,C,C,GLY,VAL,1041,1047
69,5WRG,AC5,3,C,C,SER,PRO,1033,1035
70,5WRG,AC6,1,C,C,THR,VAL,716,718
71,5WRG,AC6,2,C,C,LEU,VAL,840,842
72,5GNB,AA1,1,A,A,VAL,ARG,317,319
73,5GNB,AA1,2,A,A,CYS,LEU,621,626
74,5GNB,AA1,3,A,A,ILE,VAL,629,638
75,5GNB,AA1,4,A,A,THR,PHE,668,672
76,5GNB,AA1,5,A,A,ILE,LYS,657,661
77,5GNB,AA1,6,A,A,LEU,TYR,649,651
78,5GNB,AA2,1,A,A,ASN,PRO,337,339
79,5GNB,AA2,2,A,A,THR,ASN,435,437
80,5GNB,AA3,1,A,A,GLU,PHE,345,349
81,5GNB,AA3,2,A,A,SER,ALA,385,392
82,5GNB,AA3,3,A,A,ARG,ASN,587,597
83,5GNB,AA3,4,A,A,SER,PRO,422,430
84,5GNB,AA3,5,A,A,HIS,ASN,364,371
85,5GNB,AA4,1,A,A,GLU,PHE,345,349
86,5GNB,AA4,2,A,A,SER,ALA,385,392
87,5GNB,AA4,3,A,A,ARG,ASN,587,597
88,5GNB,AA4,4,A,A,VAL,SER,583,584
89,5GNB,AA5,1,A,A,CYS,PHE,352,354
90,5GNB,AA5,2,A,A,THR,SER,604,606
91,5GNB,AA5,3,A,A,CYS,PHE,382,383
92,5GNB,AA6,1,A,A,SER,SER,459,463
93,5GNB,AA6,2,A,A,TRP,THR,577,581
94,5GNB,AA7,1,A,A,PHE,SER,467,468
95,5GNB,AA7,2,A,A,LYS,LYS,536,537
96,5GNB,AA8,1,A,A,CYS,VAL,504,509
97,5GNB,AA8,2,A,A,HIS,CYS,512,518
98,5X5F,AA1,1,A,A,VAL,ILE,33,35
99,5X5F,AA1,2,A,A,LEU,VAL,100,102
100,5X5F,AA2,1,A,A,GLN,PHE,72,75
101,5X5F,AA2,2,A,A,GLN,PHE,319,327
102,5X5F,AA2,3,A,A,ILE,ASP,333,338
103,5X5F,AA3,1,A,A,ASP,TYR,83,85
104,5X5F,AA3,2,A,A,PHE,LYS,313,317
105,5X5F,AA3,3,A,A,PHE,ILE,116,120
106,5X5F,AA3,4,A,A,GLU,THR,252,259
107,5X5F,AA3,5,A,A,GLY,SER,262,267
108,5X5F,AA3,6,A,A,PHE,LEU,279,284
109,5X5F,AA4,1,A,A,SER,ALA,88,89
110,5X5F,AA4,2,A,A,HIS,ILE,298,300
111,5X5F,AA4,3,A,A,THR,HIS,206,208
112,5X5F,AA5,1,A,A,LYS,GLN,110,111
113,5X5F,AA5,2,A,A,TYR,ILE,292,295
114,5X5F,AA5,3,A,A,PHE,GLY,147,150
115,5X5F,AA5,4,A,A,HIS,ASP,167,174
116,5X5F,AA5,5,A,A,LEU,PRO,179,189
117,5X5F,AA5,6,A,A,PHE,ASN,232,244
118,5X5F,AA6,1,A,A,THR,THR,127,129
119,5X5F,AA6,2,A,A,SER,ARG,137,141
120,5X5F,AA6,3,A,A,ALA,TRP,309,310
121,5X5F,AA7,1,A,A,VAL,ASN,153,155
122,5X5F,AA7,2,A,A,MET,PHE,161,164
123,5X5F,AA8,1,A,A,VAL,TYR,360,361
124,5X5F,AA8,2,A,A,VAL,ILE,661,662
125,5X5F,AA9,1,A,A,VAL,VAL,374,375
126,5X5F,AA9,2,A,A,TYR,SER,606,607
127,5X5F,AB1,1,A,A,LYS,PHE,400,404
128,5X5F,AB1,2,A,A,SER,SER,440,447
129,5X5F,AB1,3,A,A,GLN,GLN,568,576
130,5X5F,AB1,4,A,A,THR,THR,477,483
131,5X5F,AB1,5,A,A,SER,SER,419,426
132,5X5F,AB2,1,A,A,CYS,TYR,407,409
133,5X5F,AB2,2,A,A,VAL,PRO,584,586
134,5X5F,AB3,1,A,A,GLU,PRO,513,515
135,5X5F,AB3,2,A,A,LYS,LEU,496,506
136,5X5F,AB3,3,A,A,TRP,ALA,553,562
137,5X5F,AB3,4,A,A,TYR,GLN,540,544
138,5X5F,AB4,1,A,A,GLN,ASN,618,619
139,5X5F,AB4,2,A,A,TYR,CYS,649,650
140,5X5F,AB5,1,A,A,LYS,ILE,779,782
141,5X5F,AB5,2,A,A,ILE,VAL,1147,1150
142,5X5F,AB6,1,A,A,THR,VAL,803,804
143,5X5F,AB6,2,A,A,TYR,LYS,932,933
144,5X5F,AB7,1,A,A,HIS,VAL,1122,1124
145,5X5F,AB7,2,A,A,VAL,GLY,1139,1140
146,5X5F,AB8,1,B,B,VAL,ILE,33,35
147,5X5F,AB8,2,B,B,LEU,VAL,100,102
148,5X5F,AB9,1,B,B,THR,PHE,68,75
149,5X5F,AB9,2,B,B,GLN,PHE,319,327
150,5X5F,AB9,3,B,B,ILE,ASP,333,338
151,5X5F,AC1,1,B,B,ASP,TYR,83,85
152,5X5F,AC1,2,B,B,PHE,LYS,313,317
153,5X5F,AC1,3,B,B,PHE,ILE,116,120
154,5X5F,AC1,4,B,B,GLU,THR,252,259
155,5X5F,AC1,5,B,B,GLY,SER,262,267
156,5X5F,AC1,6,B,B,PHE,LEU,279,284
157,5X5F,AC2,1,B,B,SER,ALA,88,89
158,5X5F,AC2,2,B,B,HIS,ILE,298,300
159,5X5F,AC2,3,B,B,THR,HIS,206,208
160,5X5F,AC3,1,B,B,LYS,GLN,110,111
161,5X5F,AC3,2,B,B,TYR,ILE,292,295
162,5X5F,AC3,3,B,B,PHE,GLY,147,150
163,5X5F,AC3,4,B,B,HIS,ASP,167,174
164,5X5F,AC3,5,B,B,LEU,PRO,179,189
165,5X5F,AC3,6,B,B,PHE,ASN,232,244
166,5X5F,AC4,1,B,B,THR,THR,127,129
167,5X5F,AC4,2,B,B,SER,ARG,137,141
168,5X5F,AC4,3,B,B,ALA,TRP,309,310
169,5X5F,AC5,1,B,B,VAL,ASN,153,155
170,5X5F,AC5,2,B,B,MET,PHE,161,164
171,5X5F,AC6,1,B,B,VAL,TYR,360,361
172,5X5F,AC6,2,B,B,VAL,ILE,661,662
173,5X5F,AC7,1,B,B,VAL,VAL,374,375
174,5X5F,AC7,2,B,B,TYR,SER,606,607
175,5X5F,AC8,1,B,B,LYS,PHE,400,404
176,5X5F,AC8,2,B,B,LEU,SER,441,447
177,5X5F,AC8,3,B,B,GLN,THR,568,574
178,5X5F,AC8,4,B,B,THR,THR,477,483
179,5X5F,AC8,5,B,B,SER,SER,419,426
180,5X5F,AC9,1,B,B,CYS,TYR,407,409
181,5X5F,AC9,2,B,B,VAL,PRO,584,586
182,5X5F,AD1,1,B,B,GLU,PRO,513,515
183,5X5F,AD1,2,B,B,LYS,LEU,496,506
184,5X5F,AD1,3,B,B,TRP,ALA,553,562
185,5X5F,AD1,4,B,B,TYR,GLN,540,544
186,5X5F,AD2,1,B,B,GLN,ASN,618,619
187,5X5F,AD2,2,B,B,TYR,CYS,649,650
188,5X5F,AD3,1,B,B,LYS,ILE,779,782
189,5X5F,AD3,2,B,B,ILE,VAL,1147,1150
190,5X5F,AD4,1,B,B,THR,VAL,803,804
191,5X5F,AD4,2,B,B,TYR,LYS,932,933
192,5X5F,AD5,1,B,B,HIS,VAL,1122,1124
193,5X5F,AD5,2,B,B,VAL,GLY,1139,1140
194,5X5F,AD6,1,C,C,VAL,ILE,33,35
195,5X5F,AD6,2,C,C,LEU,VAL,100,102
196,5X5F,AD7,1,C,C,THR,PHE,68,75
197,5X5F,AD7,2,C,C,GLN,PHE,319,327
198,5X5F,AD7,3,C,C,ILE,ILE,333,337
199,5X5F,AD8,1,C,C,ASP,TYR,83,85
200,5X5F,AD8,2,C,C,PHE,LYS,313,317
201,5X5F,AD8,3,C,C,PHE,ILE,116,120
202,5X5F,AD8,4,C,C,GLU,THR,252,259
203,5X5F,AD8,5,C,C,GLY,SER,262,267
204,5X5F,AD8,6,C,C,PHE,LEU,279,284
205,5X5F,AD9,1,C,C,SER,ALA,88,89
206,5X5F,AD9,2,C,C,HIS,ILE,298,300
207,5X5F,AD9,3,C,C,THR,HIS,206,208
208,5X5F,AE1,1,C,C,LYS,GLN,110,111
209,5X5F,AE1,2,C,C,TYR,ILE,292,295
210,5X5F,AE1,3,C,C,PHE,GLY,147,150
211,5X5F,AE1,4,C,C,HIS,ASP,167,174
212,5X5F,AE1,5,C,C,LEU,PRO,179,189
213,5X5F,AE1,6,C,C,PHE,ASN,232,244
214,5X5F,AE2,1,C,C,THR,THR,127,129
215,5X5F,AE2,2,C,C,SER,ARG,137,141
216,5X5F,AE2,3,C,C,ALA,TRP,309,310
217,5X5F,AE3,1,C,C,VAL,ASN,153,155
218,5X5F,AE3,2,C,C,MET,PHE,161,164
219,5X5F,AE4,1,C,C,VAL,TYR,360,361
220,5X5F,AE4,2,C,C,VAL,ILE,661,662
221,5X5F,AE5,1,C,C,VAL,VAL,374,375
222,5X5F,AE5,2,C,C,TYR,SER,606,607
223,5X5F,AE6,1,C,C,LYS,PHE,400,404
224,5X5F,AE6,2,C,C,SER,SER,440,447
225,5X5F,AE6,3,C,C,GLN,GLN,568,576
226,5X5F,AE6,4,C,C,THR,THR,477,483
227,5X5F,AE6,5,C,C,SER,SER,419,426
228,5X5F,AE7,1,C,C,CYS,TYR,407,409
229,5X5F,AE7,2,C,C,VAL,PRO,584,586
230,5X5F,AE8,1,C,C,GLU,PRO,513,515
231,5X5F,AE8,2,C,C,LYS,LEU,496,506
232,5X5F,AE8,3,C,C,TRP,ALA,553,562
233,5X5F,AE8,4,C,C,TYR,GLN,540,544
234,5X5F,AE9,1,C,C,GLN,ASN,618,619
235,5X5F,AE9,2,C,C,TYR,CYS,649,650
236,5X5F,AF1,1,C,C,LYS,ILE,779,782
237,5X5F,AF1,2,C,C,ILE,VAL,1147,1150
238,5X5F,AF2,1,C,C,THR,VAL,803,804
239,5X5F,AF2,2,C,C,TYR,LYS,932,933
240,5X5F,AF3,1,C,C,HIS,VAL,1122,1124
241,5X5F,AF3,2,C,C,VAL,GLY,1139,1140
242,5X5B,AA1,1,A,A,THR,HIS,31,33
243,5X5B,AA1,2,A,A,VAL,PHE,66,69
244,5X5B,AA1,3,A,A,TYR,TYR,252,256
245,5X5B,AA1,4,A,A,ILE,ALA,87,91
246,5X5B,AA1,5,A,A,ARG,LYS,183,190
247,5X5B,AA1,6,A,A,PHE,TYR,193,200
248,5X5B,AA1,7,A,A,THR,LYS,215,221
249,5X5B,AA1,8,A,A,VAL,TYR,40,41
250,5X5B,AA2,1,A,A,THR,PHE,51,59
251,5X5B,AA2,2,A,A,LYS,TYR,258,266
252,5X5B,AA2,3,A,A,ILE,ASP,272,277
253,5X5B,AA3,1,A,A,ILE,PRO,81,82
254,5X5B,AA3,2,A,A,ASN,LEU,230,235
255,5X5B,AA3,3,A,A,VAL,GLY,98,104
256,5X5B,AA3,4,A,A,GLN,ASN,112,118
257,5X5B,AA3,5,A,A,ASN,PHE,122,130
258,5X5B,AA3,6,A,A,ALA,ALA,156,167
259,5X5B,AA4,1,A,A,VAL,SER,140,141
260,5X5B,AA4,2,A,A,PHE,SER,238,239
261,5X5B,AA5,1,A,A,GLY,ILE,298,299
262,5X5B,AA5,2,A,A,VAL,THR,583,585
263,5X5B,AA5,3,A,A,VAL,GLN,596,599
264,5X5B,AA5,4,A,A,CYS,LEU,635,636
265,5X5B,AA6,1,A,A,GLU,ILE,341,345
266,5X5B,AA6,2,A,A,VAL,VAL,382,389
267,5X5B,AA6,3,A,A,TYR,SER,494,500
268,5X5B,AA6,4,A,A,CYS,ASN,419,424
269,5X5B,AA6,5,A,A,THR,CYS,363,366
270,5X5B,AA7,1,A,A,VAL,ASN,525,526
271,5X5B,AA7,2,A,A,THR,PRO,535,540
272,5X5B,AA7,3,A,A,ILE,PRO,570,575
273,5X5B,AA7,4,A,A,THR,ARG,559,563
274,5X5B,AA7,5,A,A,PHE,ARG,551,553
275,5X5B,AA7,6,B,B,ILE,ARG,46,48
276,5X5B,AA8,1,A,A,GLU,HIS,640,641
277,5X5B,AA8,2,A,A,VAL,THR,675,678
278,5X5B,AA8,3,A,A,ILE,SER,656,659
279,5X5B,AA8,4,A,A,ILE,GLY,650,653
280,5X5B,AA9,1,A,A,ASP,SER,684,685
281,5X5B,AA9,2,B,B,MET,TYR,770,771
282,5X5B,AB1,1,A,A,THR,PHE,693,700
283,5X5B,AB1,2,A,A,PRO,THR,1051,1059
284,5X5B,AB1,3,A,A,VAL,ASN,1078,1080
285,5X5B,AB1,4,A,A,SER,TRP,1083,1084
286,5X5B,AB2,1,A,A,THR,PRO,706,710
287,5X5B,AB2,2,A,A,GLY,THR,1041,1048
288,5X5B,AB2,3,A,A,HIS,ALA,1030,1038
289,5X5B,AB3,1,A,A,LYS,THR,715,716
290,5X5B,AB3,2,A,A,VAL,LEU,842,843
291,5X5B,AB4,1,A,A,MET,TYR,770,771
292,5X5B,AB4,2,C,C,ASP,SER,684,685
293,5X5B,AB5,1,A,A,PHE,PRO,1071,1072
294,5X5B,AB5,2,A,A,THR,PHE,1102,1103
295,5X5B,AB6,1,B,B,THR,THR,31,34
296,5X5B,AB6,2,B,B,ASN,PHE,65,69
297,5X5B,AB6,3,B,B,TYR,TYR,252,256
298,5X5B,AB6,4,B,B,ILE,PHE,87,89
299,5X5B,AB6,5,B,B,PHE,LYS,179,188
300,5X5B,AB6,6,B,B,TYR,VAL,195,205
301,5X5B,AB6,7,B,B,THR,LYS,215,221
302,5X5B,AB6,8,B,B,VAL,TYR,40,41
303,5X5B,AB7,1,B,B,LEU,PHE,52,59
304,5X5B,AB7,2,B,B,LYS,TYR,258,266
305,5X5B,AB7,3,B,B,ILE,ASP,272,277
306,5X5B,AB8,1,B,B,ILE,PRO,81,82
307,5X5B,AB8,2,B,B,ASN,ILE,230,234
308,5X5B,AB8,3,B,B,GLY,GLY,100,104
309,5X5B,AB9,1,B,B,GLN,ILE,112,116
310,5X5B,AB9,2,B,B,ASN,PHE,122,130
311,5X5B,AB9,3,B,B,ALA,ALA,156,167
312,5X5B,AC1,1,B,B,VAL,SER,140,141
313,5X5B,AC1,2,B,B,PHE,SER,238,239
314,5X5B,AC2,1,B,B,GLY,ILE,298,299
315,5X5B,AC2,2,B,B,VAL,THR,583,585
316,5X5B,AC2,3,B,B,VAL,LEU,596,597
317,5X5B,AC3,1,B,B,ASN,LEU,321,322
318,5X5B,AC3,2,B,B,CYS,VAL,348,349
319,5X5B,AC4,1,B,B,GLU,LYS,341,344
320,5X5B,AC4,2,B,B,TYR,LYS,383,390
321,5X5B,AC4,3,B,B,PRO,SER,493,500
322,5X5B,AC4,4,B,B,VAL,ASN,420,424
323,5X5B,AC5,1,B,B,ILE,ASP,570,572
324,5X5B,AC5,2,B,B,SER,ARG,561,563
325,5X5B,AC5,3,B,B,PHE,GLY,551,552
326,5X5B,AC5,4,C,C,ILE,PHE,46,47
327,5X5B,AC6,1,B,B,ILE,PRO,650,651
328,5X5B,AC6,2,B,B,ILE,SER,656,659
329,5X5B,AC6,3,B,B,VAL,THR,675,678
330,5X5B,AC7,1,B,B,ASP,SER,684,685
331,5X5B,AC7,2,C,C,MET,TYR,770,771
332,5X5B,AC8,1,B,B,ALA,PRO,695,697
333,5X5B,AC8,2,B,B,GLU,ASN,1054,1056
334,5X5B,AC9,1,B,B,ILE,PRO,704,710
335,5X5B,AC9,2,B,B,GLY,THR,1041,1048
336,5X5B,AC9,3,B,B,HIS,ALA,1030,1038
337,5X5B,AD1,1,B,B,LYS,VAL,715,718
338,5X5B,AD1,2,B,B,LEU,LEU,840,843
339,5X5B,AD2,1,B,B,THR,THR,1058,1059
340,5X5B,AD2,2,B,B,VAL,ASN,1078,1080
341,5X5B,AD2,3,B,B,SER,GLN,1083,1088
342,5X5B,AD2,4,B,B,PHE,ILE,1091,1096
343,5X5B,AD3,1,B,B,PHE,PRO,1071,1072
344,5X5B,AD3,2,B,B,THR,PHE,1102,1103
345,5X5B,AD4,1,C,C,THR,THR,31,34
346,5X5B,AD4,2,C,C,ASN,PHE,65,69
347,5X5B,AD4,3,C,C,TYR,TYR,252,256
348,5X5B,AD4,4,C,C,ILE,PHE,87,89
349,5X5B,AD4,5,C,C,PHE,LYS,179,188
350,5X5B,AD4,6,C,C,TYR,VAL,195,205
351,5X5B,AD4,7,C,C,THR,LYS,215,221
352,5X5B,AD4,8,C,C,VAL,TYR,40,41
353,5X5B,AD5,1,C,C,LEU,PHE,52,59
354,5X5B,AD5,2,C,C,LYS,TYR,258,266
355,5X5B,AD5,3,C,C,ILE,ASP,272,277
356,5X5B,AD6,1,C,C,ILE,PRO,81,82
357,5X5B,AD6,2,C,C,ASN,ILE,230,234
358,5X5B,AD6,3,C,C,GLY,GLY,100,104
359,5X5B,AD7,1,C,C,GLN,ILE,112,116
360,5X5B,AD7,2,C,C,ASN,PHE,122,130
361,5X5B,AD7,3,C,C,ALA,ALA,156,167
362,5X5B,AD8,1,C,C,VAL,SER,140,141
363,5X5B,AD8,2,C,C,PHE,SER,238,239
364,5X5B,AD9,1,C,C,GLY,ILE,298,299
365,5X5B,AD9,2,C,C,VAL,THR,583,585
366,5X5B,AD9,3,C,C,VAL,LEU,596,597
367,5X5B,AE1,1,C,C,ASN,LEU,321,322
368,5X5B,AE1,2,C,C,CYS,VAL,348,349
369,5X5B,AE2,1,C,C,GLU,LYS,341,344
370,5X5B,AE2,2,C,C,TYR,LYS,383,390
371,5X5B,AE2,3,C,C,PRO,SER,493,500
372,5X5B,AE2,4,C,C,VAL,ASN,420,424
373,5X5B,AE3,1,C,C,PHE,GLY,551,552
374,5X5B,AE3,2,C,C,SER,ARG,561,563
375,5X5B,AE3,3,C,C,ILE,ASP,570,572
376,5X5B,AE4,1,C,C,ILE,PRO,650,651
377,5X5B,AE4,2,C,C,ILE,SER,656,659
378,5X5B,AE4,3,C,C,VAL,THR,675,678
379,5X5B,AE5,1,C,C,ALA,PRO,695,697
380,5X5B,AE5,2,C,C,GLU,ASN,1054,1056
381,5X5B,AE6,1,C,C,ILE,PRO,704,710
382,5X5B,AE6,2,C,C,GLY,THR,1041,1048
383,5X5B,AE6,3,C,C,HIS,ALA,1030,1038
384,5X5B,AE7,1,C,C,LYS,VAL,715,718
385,5X5B,AE7,2,C,C,LEU,LEU,840,843
386,5X5B,AE8,1,C,C,THR,THR,1058,1059
387,5X5B,AE8,2,C,C,VAL,ASN,1078,1080
388,5X5B,AE8,3,C,C,SER,GLN,1083,1088
389,5X5B,AE8,4,C,C,PHE,ILE,1091,1096
390,5X5B,AE9,1,C,C,PHE,PRO,1071,1072
391,5X5B,AE9,2,C,C,THR,PHE,1102,1103
392,5X5C,AA1,1,A,A,VAL,ILE,33,35
393,5X5C,AA1,2,A,A,LEU,VAL,100,102
394,5X5C,AA2,1,A,A,GLN,PHE,72,75
395,5X5C,AA2,2,A,A,GLN,PHE,319,327
396,5X5C,AA2,3,A,A,ILE,ASP,333,338
397,5X5C,AA3,1,A,A,ASP,TYR,83,85
398,5X5C,AA3,2,A,A,PHE,LYS,313,317
399,5X5C,AA3,3,A,A,PHE,ILE,116,120
400,5X5C,AA3,4,A,A,GLU,THR,252,259
401,5X5C,AA3,5,A,A,GLY,SER,262,267
402,5X5C,AA3,6,A,A,PHE,LEU,279,284
403,5X5C,AA4,1,A,A,SER,ALA,88,89
404,5X5C,AA4,2,A,A,HIS,ILE,298,300
405,5X5C,AA4,3,A,A,THR,HIS,206,208
406,5X5C,AA5,1,A,A,LYS,GLN,110,111
407,5X5C,AA5,2,A,A,TYR,ILE,292,295
408,5X5C,AA5,3,A,A,PHE,GLY,147,150
409,5X5C,AA5,4,A,A,HIS,ASP,167,174
410,5X5C,AA5,5,A,A,LEU,PRO,179,189
411,5X5C,AA5,6,A,A,PHE,ASN,232,244
412,5X5C,AA6,1,A,A,THR,THR,127,129
413,5X5C,AA6,2,A,A,SER,ARG,137,141
414,5X5C,AA6,3,A,A,ALA,TRP,309,310
415,5X5C,AA7,1,A,A,VAL,ASN,153,155
416,5X5C,AA7,2,A,A,MET,PHE,161,164
417,5X5C,AA8,1,A,A,VAL,TYR,360,361
418,5X5C,AA8,2,A,A,VAL,ILE,661,662
419,5X5C,AA9,1,A,A,VAL,VAL,374,375
420,5X5C,AA9,2,A,A,TYR,SER,606,607
421,5X5C,AB1,1,A,A,LYS,PHE,400,404
422,5X5C,AB1,2,A,A,SER,SER,440,447
423,5X5C,AB1,3,A,A,GLN,GLN,568,576
424,5X5C,AB1,4,A,A,THR,THR,477,483
425,5X5C,AB1,5,A,A,SER,SER,419,426
426,5X5C,AB2,1,A,A,CYS,TYR,407,409
427,5X5C,AB2,2,A,A,VAL,PRO,584,586
428,5X5C,AB3,1,A,A,GLU,PRO,513,515
429,5X5C,AB3,2,A,A,LYS,LEU,496,506
430,5X5C,AB3,3,A,A,TRP,ALA,553,562
431,5X5C,AB3,4,A,A,TYR,GLN,540,544
432,5X5C,AB4,1,A,A,GLN,ASN,618,619
433,5X5C,AB4,2,A,A,TYR,CYS,649,650
434,5X5C,AB5,1,A,A,LYS,ILE,779,782
435,5X5C,AB5,2,A,A,ILE,VAL,1147,1150
436,5X5C,AB6,1,A,A,THR,VAL,803,804
437,5X5C,AB6,2,A,A,TYR,LYS,932,933
438,5X5C,AB7,1,A,A,HIS,VAL,1122,1124
439,5X5C,AB7,2,A,A,VAL,GLY,1139,1140
440,5X5C,AB8,1,B,B,VAL,ILE,33,35
441,5X5C,AB8,2,B,B,LEU,VAL,100,102
442,5X5C,AB9,1,B,B,THR,PHE,68,75
443,5X5C,AB9,2,B,B,GLN,PHE,319,327
444,5X5C,AB9,3,B,B,ILE,ASP,333,338
445,5X5C,AC1,1,B,B,ASP,TYR,83,85
446,5X5C,AC1,2,B,B,PHE,LYS,313,317
447,5X5C,AC1,3,B,B,PHE,ILE,116,120
448,5X5C,AC1,4,B,B,GLU,THR,252,259
449,5X5C,AC1,5,B,B,GLY,SER,262,267
450,5X5C,AC1,6,B,B,PHE,LEU,279,284
451,5X5C,AC2,1,B,B,SER,ALA,88,89
452,5X5C,AC2,2,B,B,HIS,ILE,298,300
453,5X5C,AC2,3,B,B,THR,HIS,206,208
454,5X5C,AC3,1,B,B,LYS,GLN,110,111
455,5X5C,AC3,2,B,B,TYR,ILE,292,295
456,5X5C,AC3,3,B,B,PHE,GLY,147,150
457,5X5C,AC3,4,B,B,HIS,ASP,167,174
458,5X5C,AC3,5,B,B,LEU,PRO,179,189
459,5X5C,AC3,6,B,B,PHE,ASN,232,244
460,5X5C,AC4,1,B,B,THR,THR,127,129
461,5X5C,AC4,2,B,B,SER,ARG,137,141
462,5X5C,AC4,3,B,B,ALA,TRP,309,310
463,5X5C,AC5,1,B,B,VAL,ASN,153,155
464,5X5C,AC5,2,B,B,MET,PHE,161,164
465,5X5C,AC6,1,B,B,VAL,TYR,360,361
466,5X5C,AC6,2,B,B,VAL,ILE,661,662
467,5X5C,AC7,1,B,B,VAL,VAL,374,375
468,5X5C,AC7,2,B,B,TYR,SER,606,607
469,5X5C,AC8,1,B,B,LYS,THR,400,405
470,5X5C,AC8,2,B,B,SER,SER,440,447
471,5X5C,AC8,3,B,B,GLN,GLN,568,576
472,5X5C,AC8,4,B,B,THR,THR,477,483
473,5X5C,AC8,5,B,B,SER,SER,419,426
474,5X5C,AC9,1,B,B,ASN,TYR,408,409
475,5X5C,AC9,2,B,B,CYS,PRO,585,586
476,5X5C,AD1,1,B,B,VAL,PRO,514,515
477,5X5C,AD1,2,B,B,LYS,ARG,496,505
478,5X5C,AD1,3,B,B,TRP,ALA,553,562
479,5X5C,AD1,4,B,B,TYR,GLN,540,544
480,5X5C,AD2,1,B,B,GLN,ASN,618,619
481,5X5C,AD2,2,B,B,TYR,CYS,649,650
482,5X5C,AD3,1,B,B,LYS,ILE,779,782
483,5X5C,AD3,2,B,B,ILE,VAL,1147,1150
484,5X5C,AD4,1,B,B,THR,VAL,803,804
485,5X5C,AD4,2,B,B,TYR,LYS,932,933
486,5X5C,AD5,1,B,B,HIS,VAL,1122,1124
487,5X5C,AD5,2,B,B,VAL,GLY,1139,1140
488,5X5C,AD6,1,C,C,VAL,ILE,33,35
489,5X5C,AD6,2,C,C,LEU,VAL,100,102
490,5X5C,AD7,1,C,C,THR,PHE,68,75
491,5X5C,AD7,2,C,C,GLN,PHE,319,327
492,5X5C,AD7,3,C,C,ILE,ALA,333,336
493,5X5C,AD8,1,C,C,ASP,TYR,83,85
494,5X5C,AD8,2,C,C,PHE,LYS,313,317
495,5X5C,AD8,3,C,C,PHE,ILE,116,120
496,5X5C,AD8,4,C,C,GLU,THR,252,259
497,5X5C,AD8,5,C,C,GLY,SER,262,267
498,5X5C,AD8,6,C,C,PHE,LEU,279,284
499,5X5C,AD9,1,C,C,SER,ALA,88,89
500,5X5C,AD9,2,C,C,HIS,ILE,298,300
501,5X5C,AD9,3,C,C,THR,HIS,206,208
502,5X5C,AE1,1,C,C,LYS,GLN,110,111
503,5X5C,AE1,2,C,C,TYR,ILE,292,295
504,5X5C,AE1,3,C,C,PHE,GLY,147,150
505,5X5C,AE1,4,C,C,HIS,ASP,167,174
506,5X5C,AE1,5,C,C,LEU,PRO,179,189
507,5X5C,AE1,6,C,C,PHE,ASN,232,244
508,5X5C,AE2,1,C,C,THR,THR,127,129
509,5X5C,AE2,2,C,C,SER,ARG,137,141
510,5X5C,AE2,3,C,C,ALA,TRP,309,310
511,5X5C,AE3,1,C,C,VAL,ASN,153,155
512,5X5C,AE3,2,C,C,MET,PHE,161,164
513,5X5C,AE4,1,C,C,VAL,TYR,360,361
514,5X5C,AE4,2,C,C,VAL,ILE,661,662
515,5X5C,AE5,1,C,C,VAL,VAL,374,375
516,5X5C,AE5,2,C,C,TYR,SER,606,607
517,5X5C,AE6,1,C,C,LYS,PHE,400,404
518,5X5C,AE6,2,C,C,SER,SER,440,447
519,5X5C,AE6,3,C,C,GLN,GLN,568,576
520,5X5C,AE6,4,C,C,THR,THR,477,483
521,5X5C,AE6,5,C,C,SER,SER,419,426
522,5X5C,AE7,1,C,C,CYS,TYR,407,409
523,5X5C,AE7,2,C,C,VAL,PRO,584,586
524,5X5C,AE8,1,C,C,GLU,PRO,513,515
525,5X5C,AE8,2,C,C,LYS,LEU,496,506
526,5X5C,AE8,3,C,C,TRP,ALA,553,562
527,5X5C,AE8,4,C,C,TYR,GLN,540,544
528,5X5C,AE9,1,C,C,GLN,ASN,618,619
529,5X5C,AE9,2,C,C,TYR,CYS,649,650
530,5X5C,AF1,1,C,C,LYS,ILE,779,782
531,5X5C,AF1,2,C,C,ILE,VAL,1147,1150
532,5X5C,AF2,1,C,C,THR,VAL,803,804
533,5X5C,AF2,2,C,C,TYR,LYS,932,933
534,5X5C,AF3,1,C,C,HIS,VAL,1122,1124
535,5X5C,AF3,2,C,C,VAL,GLY,1139,1140
536,5X4R,AA1,1,A,A,VAL,ILE,33,35
537,5X4R,AA1,2,A,A,LEU,VAL,100,102
538,5X4R,AA2,1,A,A,ILE,PHE,67,75
539,5X4R,AA2,2,A,A,GLN,PHE,319,327
540,5X4R,AA2,3,A,A,ILE,ASP,333,338
541,5X4R,AA3,1,A,A,ASP,TYR,83,85
542,5X4R,AA3,2,A,A,PHE,LYS,313,317
543,5X4R,AA3,3,A,A,PHE,ILE,116,120
544,5X4R,AA3,4,A,A,GLU,THR,252,259
545,5X4R,AA3,5,A,A,GLY,SER,262,267
546,5X4R,AA3,6,A,A,PHE,LEU,279,284
547,5X4R,AA4,1,A,A,SER,ALA,88,89
548,5X4R,AA4,2,A,A,HIS,ILE,298,300
549,5X4R,AA4,3,A,A,THR,HIS,206,208
550,5X4R,AA5,1,A,A,LYS,GLN,110,111
551,5X4R,AA5,2,A,A,TYR,ILE,292,295
552,5X4R,AA5,3,A,A,PHE,GLY,147,150
553,5X4R,AA5,4,A,A,HIS,ASP,167,174
554,5X4R,AA5,5,A,A,LEU,PRO,179,189
555,5X4R,AA5,6,A,A,PHE,ASN,232,244
556,5X4R,AA6,1,A,A,THR,THR,127,129
557,5X4R,AA6,2,A,A,SER,ARG,137,141
558,5X4R,AA6,3,A,A,ALA,TRP,309,310
559,5X4R,AA7,1,A,A,VAL,ASN,153,155
560,5X4R,AA7,2,A,A,MET,PHE,161,164
561,6U7H,AA1,1,A,A,SER,VAL,65,66
562,6U7H,AA1,2,C,C,THR,THR,472,474
563,6U7H,AA1,3,C,C,LEU,LYS,480,484
564,6U7H,AA1,4,C,C,ILE,THR,491,495
565,6U7H,AA1,5,C,C,VAL,VAL,454,462
566,6U7H,AA1,6,C,C,CYS,ILE,446,451
567,6U7H,AA1,7,C,C,VAL,VAL,288,291
568,6U7H,AA2,1,A,A,GLY,SER,69,86
569,6U7H,AA2,2,A,A,PHE,SER,229,245
570,6U7H,AA2,3,A,A,VAL,LEU,116,121
571,6U7H,AA2,4,A,A,GLU,SER,192,196
572,6U7H,AA2,5,A,A,HIS,ILE,200,203
573,6U7H,AA2,6,A,A,TYR,THR,206,210
574,6U7H,AA3,1,A,A,GLY,SER,69,86
575,6U7H,AA3,2,A,A,PHE,SER,229,245
576,6U7H,AA3,3,A,A,SER,TYR,248,254
577,6U7H,AA4,1,A,A,PHE,TYR,94,96
578,6U7H,AA4,2,A,A,VAL,ASN,214,220
579,6U7H,AA4,3,A,A,THR,THR,131,136
580,6U7H,AA4,4,A,A,GLY,THR,139,146
581,6U7H,AA4,5,A,A,TYR,ILE,167,174
582,6U7H,AA4,6,A,A,GLU,ALA,177,185
583,6U7H,AA5,1,A,A,GLY,THR,274,278
584,6U7H,AA5,2,A,A,ASP,VAL,501,505
585,6U7H,AA5,3,A,A,VAL,LEU,510,515
586,6U7H,AA5,4,A,A,PHE,SER,533,537
587,6U7H,AA5,5,A,A,ASN,LEU,526,530
588,6U7H,AA6,1,A,A,VAL,VAL,288,291
589,6U7H,AA6,2,A,A,CYS,ILE,446,451
590,6U7H,AA6,3,A,A,VAL,VAL,454,462
591,6U7H,AA6,4,A,A,ILE,THR,491,495
592,6U7H,AA6,5,A,A,LEU,LYS,480,484
593,6U7H,AA6,6,A,A,THR,THR,472,474
594,6U7H,AA6,7,B,B,SER,VAL,65,66
595,6U7H,AA7,1,A,A,ALA,LEU,323,329
596,6U7H,AA7,2,A,A,HIS,LYS,299,309
597,6U7H,AA7,3,A,A,HIS,ALA,345,352
598,6U7H,AA7,4,A,A,LYS,GLY,408,427
599,6U7H,AA7,5,A,A,LYS,SER,381,388
600,6U7H,AA7,6,A,A,LEU,CYS,339,340
601,6U7H,AA8,1,A,A,ALA,LEU,323,329
602,6U7H,AA8,2,A,A,HIS,LYS,299,309
603,6U7H,AA8,3,A,A,HIS,ALA,345,352
604,6U7H,AA8,4,A,A,LYS,GLY,408,427
605,6U7H,AA8,5,A,A,CYS,TRP,396,404
606,6U7H,AA8,6,A,A,TRP,ILE,360,364
607,6U7H,AA9,1,A,A,ALA,TYR,546,550
608,6U7H,AA9,2,A,A,PHE,CYS,553,556
609,6U7H,AA9,3,A,A,ILE,ALA,561,563
610,6U7H,AB1,1,A,A,SER,GLN,583,598
611,6U7H,AB1,2,A,A,GLY,ASP,944,959
612,6U7H,AB1,3,A,A,THR,ALA,932,941
613,6U7H,AB2,1,A,A,ILE,VAL,604,606
614,6U7H,AB2,2,A,A,ILE,VAL,733,735
615,6U7H,AB3,1,A,A,PHE,ILE,1008,1011
616,6U7H,AB3,2,A,A,ASN,LEU,972,976
617,6U7H,AB3,3,A,A,GLY,VAL,965,968
618,6U7H,AB3,4,A,A,VAL,ILE,1019,1021
619,6U7H,AB4,1,A,A,LEU,GLU,981,986
620,6U7H,AB4,2,A,A,TYR,SER,989,994
621,6U7H,AB5,1,B,B,GLY,SER,69,86
622,6U7H,AB5,2,B,B,PHE,SER,229,245
623,6U7H,AB5,3,B,B,VAL,LEU,116,121
624,6U7H,AB5,4,B,B,GLU,SER,192,196
625,6U7H,AB5,5,B,B,HIS,ILE,200,203
626,6U7H,AB5,6,B,B,TYR,THR,206,210
627,6U7H,AB6,1,B,B,GLY,SER,69,86
628,6U7H,AB6,2,B,B,PHE,SER,229,245
629,6U7H,AB6,3,B,B,SER,TYR,248,254
630,6U7H,AB7,1,B,B,PHE,TYR,94,96
631,6U7H,AB7,2,B,B,VAL,ASN,214,220
632,6U7H,AB7,3,B,B,THR,THR,131,136
633,6U7H,AB7,4,B,B,GLY,THR,139,146
634,6U7H,AB7,5,B,B,TYR,ILE,167,174
635,6U7H,AB7,6,B,B,GLU,ALA,177,185
636,6U7H,AB8,1,B,B,GLY,THR,274,278
637,6U7H,AB8,2,B,B,ASP,VAL,501,505
638,6U7H,AB8,3,B,B,VAL,LEU,510,515
639,6U7H,AB8,4,B,B,PHE,SER,533,537
640,6U7H,AB8,5,B,B,ASN,LEU,526,530
641,6U7H,AB9,1,B,B,VAL,VAL,288,291
642,6U7H,AB9,2,B,B,CYS,ILE,446,451
643,6U7H,AB9,3,B,B,VAL,VAL,454,462
644,6U7H,AB9,4,B,B,ILE,THR,491,495
645,6U7H,AB9,5,B,B,LEU,LYS,480,484
646,6U7H,AB9,6,B,B,THR,THR,472,474
647,6U7H,AB9,7,C,C,SER,VAL,65,66
648,6U7H,AC1,1,B,B,ALA,LEU,323,329
649,6U7H,AC1,2,B,B,HIS,LYS,299,309
650,6U7H,AC1,3,B,B,HIS,ALA,345,352
651,6U7H,AC1,4,B,B,LYS,GLY,408,427
652,6U7H,AC1,5,B,B,LYS,SER,381,388
653,6U7H,AC1,6,B,B,LEU,CYS,339,340
654,6U7H,AC2,1,B,B,ALA,LEU,323,329
655,6U7H,AC2,2,B,B,HIS,LYS,299,309
656,6U7H,AC2,3,B,B,HIS,ALA,345,352
657,6U7H,AC2,4,B,B,LYS,GLY,408,427
658,6U7H,AC2,5,B,B,CYS,TRP,396,404
659,6U7H,AC2,6,B,B,TRP,ILE,360,364
660,6U7H,AC3,1,B,B,ALA,TYR,546,550
661,6U7H,AC3,2,B,B,PHE,CYS,553,556
662,6U7H,AC3,3,B,B,ILE,ALA,561,563
663,6U7H,AC4,1,B,B,SER,GLN,583,598
664,6U7H,AC4,2,B,B,GLY,ASP,944,959
665,6U7H,AC4,3,B,B,THR,ALA,932,941
666,6U7H,AC5,1,B,B,ILE,VAL,604,606
667,6U7H,AC5,2,B,B,ILE,VAL,733,735
668,6U7H,AC6,1,B,B,PHE,ILE,1008,1011
669,6U7H,AC6,2,B,B,ASN,LEU,972,976
670,6U7H,AC6,3,B,B,GLY,VAL,965,968
671,6U7H,AC6,4,B,B,VAL,ILE,1019,1021
672,6U7H,AC7,1,B,B,LEU,GLU,981,986
673,6U7H,AC7,2,B,B,TYR,SER,989,994
674,6U7H,AC8,1,C,C,GLY,SER,69,86
675,6U7H,AC8,2,C,C,PHE,SER,229,245
676,6U7H,AC8,3,C,C,VAL,LEU,116,121
677,6U7H,AC8,4,C,C,GLU,SER,192,196
678,6U7H,AC8,5,C,C,HIS,ILE,200,203
679,6U7H,AC8,6,C,C,TYR,THR,206,210
680,6U7H,AC9,1,C,C,GLY,SER,69,86
681,6U7H,AC9,2,C,C,PHE,SER,229,245
682,6U7H,AC9,3,C,C,SER,TYR,248,254
683,6U7H,AD1,1,C,C,PHE,TYR,94,96
684,6U7H,AD1,2,C,C,VAL,ASN,214,220
685,6U7H,AD1,3,C,C,THR,THR,131,136
686,6U7H,AD1,4,C,C,GLY,THR,139,146
687,6U7H,AD1,5,C,C,TYR,ILE,167,174
688,6U7H,AD1,6,C,C,GLU,ALA,177,185
689,6U7H,AD2,1,C,C,GLY,THR,274,278
690,6U7H,AD2,2,C,C,ASP,VAL,501,505
691,6U7H,AD2,3,C,C,VAL,LEU,510,515
692,6U7H,AD2,4,C,C,PHE,SER,533,537
693,6U7H,AD2,5,C,C,ASN,LEU,526,530
694,6U7H,AD3,1,C,C,ALA,LEU,323,329
695,6U7H,AD3,2,C,C,HIS,LYS,299,309
696,6U7H,AD3,3,C,C,HIS,ALA,345,352
697,6U7H,AD3,4,C,C,LYS,GLY,408,427
698,6U7H,AD3,5,C,C,LYS,SER,381,388
699,6U7H,AD3,6,C,C,LEU,CYS,339,340
700,6U7H,AD4,1,C,C,ALA,LEU,323,329
701,6U7H,AD4,2,C,C,HIS,LYS,299,309
702,6U7H,AD4,3,C,C,HIS,ALA,345,352
703,6U7H,AD4,4,C,C,LYS,GLY,408,427
704,6U7H,AD4,5,C,C,CYS,TRP,396,404
705,6U7H,AD4,6,C,C,TRP,ILE,360,364
706,6U7H,AD5,1,C,C,ALA,TYR,546,550
707,6U7H,AD5,2,C,C,PHE,CYS,553,556
708,6U7H,AD5,3,C,C,ILE,ALA,561,563
709,6U7H,AD6,1,C,C,SER,GLN,583,598
710,6U7H,AD6,2,C,C,GLY,ASP,944,959
711,6U7H,AD6,3,C,C,THR,ALA,932,941
712,6U7H,AD7,1,C,C,ILE,VAL,604,606
713,6U7H,AD7,2,C,C,ILE,VAL,733,735
714,6U7H,AD8,1,C,C,PHE,ILE,1008,1011
715,6U7H,AD8,2,C,C,ASN,LEU,972,976
716,6U7H,AD8,3,C,C,GLY,VAL,965,968
717,6U7H,AD8,4,C,C,VAL,ILE,1019,1021
718,6U7H,AD9,1,C,C,LEU,GLU,981,986
719,6U7H,AD9,2,C,C,TYR,SER,989,994
720,5X4S,AA1,1,A,A,THR,THR,31,34
721,5X4S,AA1,2,A,A,ASN,ILE,65,72
722,5X4S,AA1,3,A,A,THR,PHE,75,76
723,5X4S,AA2,1,A,A,THR,THR,31,34
724,5X4S,AA2,2,A,A,ASN,ILE,65,72
725,5X4S,AA2,3,A,A,ALA,TYR,250,256
726,5X4S,AA2,4,A,A,ILE,GLU,87,93
727,5X4S,AA2,5,A,A,PHE,LYS,179,190
728,5X4S,AA2,6,A,A,PHE,VAL,193,205
729,5X4S,AA2,7,A,A,LYS,LEU,217,222
730,5X4S,AA3,1,A,A,THR,PHE,51,59
731,5X4S,AA3,2,A,A,LYS,TYR,258,266
732,5X4S,AA3,3,A,A,ILE,ASP,272,277
733,5X4S,AA4,1,A,A,ILE,PRO,81,82
734,5X4S,AA4,2,A,A,ASN,SER,230,239
735,5X4S,AA4,3,A,A,GLY,GLY,100,104
736,5X4S,AA4,4,A,A,SER,ASN,113,118
737,5X4S,AA4,5,A,A,VAL,SER,123,141
738,5X4S,AA4,6,A,A,GLN,ILE,147,164
739,5X4S,AA5,1,A,A,ILE,PRO,81,82
740,5X4S,AA5,2,A,A,ASN,SER,230,239
741,5X4S,AA5,3,A,A,VAL,SER,123,141
742,5X4S,AA5,4,A,A,GLN,ILE,147,164
743,5XLR,AA1,1,A,A,THR,SER,34,36
744,5XLR,AA1,2,A,A,SER,GLY,64,68
745,5XLR,AA1,3,A,A,TYR,TYR,252,256
746,5XLR,AA1,4,A,A,ILE,ALA,87,91
747,5XLR,AA1,5,A,A,ARG,LYS,183,190
748,5XLR,AA1,6,A,A,PHE,TYR,193,200
749,5XLR,AA1,7,A,A,ILE,PHE,219,220
750,5XLR,AA2,1,A,A,THR,THR,51,55
751,5XLR,AA2,2,A,A,PHE,TYR,262,266
752,5XLR,AA2,3,A,A,ALA,VAL,275,276
753,5XLR,AA3,1,A,A,ILE,ASP,164,166
754,5XLR,AA3,2,A,A,VAL,ARG,123,126
755,5XLR,AA3,3,A,A,SER,ASN,113,118
756,5XLR,AA3,4,A,A,GLY,GLY,100,104
757,5XLR,AA3,5,A,A,PHE,LEU,231,235
758,5XLR,AA4,1,A,A,GLY,ARG,298,306
759,5XLR,AA4,2,A,A,PHE,THR,578,585
760,5XLR,AA4,3,A,A,ALA,TYR,595,598
761,5XLR,AA4,4,A,A,CYS,ILE,635,637
762,5XLR,AA5,1,A,A,GLY,ARG,311,315
763,5XLR,AA5,2,A,A,CYS,PHE,524,529
764,5XLR,AA5,3,A,A,LEU,PRO,532,540
765,5XLR,AA5,4,A,A,GLU,ILE,569,573
766,5XLR,AA5,5,A,A,SER,ARG,561,563
767,5XLR,AA5,6,A,A,PHE,GLY,551,552
768,5XLR,AA6,1,A,A,GLU,ILE,341,345
769,5XLR,AA6,2,A,A,SER,VAL,380,389
770,5XLR,AA6,3,A,A,TYR,GLU,494,502
771,5XLR,AA6,4,A,A,CYS,ASN,419,424
772,5XLR,AA6,5,A,A,THR,CYS,363,366
773,5XLR,AA7,1,A,A,LYS,ARG,439,441
774,5XLR,AA7,2,A,A,LEU,ASP,478,480
775,5XLR,AA8,1,A,A,ILE,ILE,650,652
776,5XLR,AA8,2,A,A,ILE,ALA,656,658
777,5XLR,AA8,3,A,A,ALA,TYR,676,677
778,5XLR,AA9,1,A,A,ILE,ILE,694,696
779,5XLR,AA9,2,A,A,ARG,PHE,1055,1057
780,5XLR,AB1,1,A,A,SER,PRO,701,710
781,5XLR,AB1,2,A,A,GLY,VAL,1041,1050
782,5XLR,AB1,3,A,A,SER,ALA,1033,1038
783,5XLR,AB2,1,A,A,THR,VAL,716,718
784,5XLR,AB2,2,A,A,LEU,VAL,840,842
785,5XLR,AB3,1,A,A,ILE,CYS,1063,1064
786,5XLR,AB3,2,A,A,ALA,TYR,1069,1070
787,5XLR,AB3,3,A,A,VAL,SER,1104,1105
788,5XLR,AB4,1,A,A,PHE,PHE,1077,1079
789,5XLR,AB4,2,A,A,PHE,THR,1085,1087
790,5XLR,AB5,1,B,B,THR,SER,34,36
791,5XLR,AB5,2,B,B,SER,GLY,64,68
792,5XLR,AB5,3,B,B,TYR,TYR,252,256
793,5XLR,AB5,4,B,B,ILE,ALA,87,91
794,5XLR,AB5,5,B,B,ARG,LYS,183,190
795,5XLR,AB5,6,B,B,PHE,TYR,193,200
796,5XLR,AB5,7,B,B,ILE,PHE,219,220
797,5XLR,AB6,1,B,B,THR,THR,51,55
798,5XLR,AB6,2,B,B,PHE,TYR,262,266
799,5XLR,AB6,3,B,B,ALA,VAL,275,276
800,5XLR,AB7,1,B,B,ILE,ASP,164,166
801,5XLR,AB7,2,B,B,VAL,ARG,123,126
802,5XLR,AB7,3,B,B,SER,ASN,113,118
803,5XLR,AB7,4,B,B,GLY,GLY,100,104
804,5XLR,AB7,5,B,B,PHE,LEU,231,235
805,5XLR,AB8,1,B,B,GLY,ARG,298,306
806,5XLR,AB8,2,B,B,PHE,THR,578,585
807,5XLR,AB8,3,B,B,ALA,TYR,595,598
808,5XLR,AB8,4,B,B,CYS,ILE,635,637
809,5XLR,AB9,1,B,B,GLY,ARG,311,315
810,5XLR,AB9,2,B,B,CYS,PHE,524,529
811,5XLR,AB9,3,B,B,LEU,PRO,532,540
812,5XLR,AB9,4,B,B,GLU,ILE,569,573
813,5XLR,AB9,5,B,B,SER,ARG,561,563
814,5XLR,AB9,6,B,B,PHE,GLY,551,552
815,5XLR,AC1,1,B,B,GLU,ILE,341,345
816,5XLR,AC1,2,B,B,SER,VAL,380,389
817,5XLR,AC1,3,B,B,TYR,GLU,494,502
818,5XLR,AC1,4,B,B,CYS,ASN,419,424
819,5XLR,AC1,5,B,B,THR,CYS,363,366
820,5XLR,AC2,1,B,B,LYS,ARG,439,441
821,5XLR,AC2,2,B,B,LEU,ASP,478,480
822,5XLR,AC3,1,B,B,ILE,ILE,650,652
823,5XLR,AC3,2,B,B,ILE,ALA,656,658
824,5XLR,AC3,3,B,B,ALA,TYR,676,677
825,5XLR,AC4,1,B,B,ILE,ILE,694,696
826,5XLR,AC4,2,B,B,ARG,PHE,1055,1057
827,5XLR,AC5,1,B,B,SER,PRO,701,710
828,5XLR,AC5,2,B,B,GLY,VAL,1041,1050
829,5XLR,AC5,3,B,B,SER,ALA,1033,1038
830,5XLR,AC6,1,B,B,THR,VAL,716,718
831,5XLR,AC6,2,B,B,LEU,VAL,840,842
832,5XLR,AC7,1,B,B,ILE,CYS,1063,1064
833,5XLR,AC7,2,B,B,ALA,TYR,1069,1070
834,5XLR,AC7,3,B,B,VAL,SER,1104,1105
835,5XLR,AC8,1,B,B,PHE,PHE,1077,1079
836,5XLR,AC8,2,B,B,PHE,THR,1085,1087
837,5XLR,AC9,1,C,C,THR,SER,34,36
838,5XLR,AC9,2,C,C,SER,GLY,64,68
839,5XLR,AC9,3,C,C,TYR,TYR,252,256
840,5XLR,AC9,4,C,C,ILE,ALA,87,91
841,5XLR,AC9,5,C,C,ARG,LYS,183,190
842,5XLR,AC9,6,C,C,PHE,TYR,193,200
843,5XLR,AC9,7,C,C,ILE,PHE,219,220
844,5XLR,AD1,1,C,C,THR,THR,51,55
845,5XLR,AD1,2,C,C,PHE,TYR,262,266
846,5XLR,AD1,3,C,C,ALA,VAL,275,276
847,5XLR,AD2,1,C,C,ILE,ASP,164,166
848,5XLR,AD2,2,C,C,VAL,ARG,123,126
849,5XLR,AD2,3,C,C,SER,ASN,113,118
850,5XLR,AD2,4,C,C,GLY,GLY,100,104
851,5XLR,AD2,5,C,C,PHE,LEU,231,235
852,5XLR,AD3,1,C,C,GLY,ARG,298,306
853,5XLR,AD3,2,C,C,PHE,THR,578,585
854,5XLR,AD3,3,C,C,ALA,TYR,595,598
855,5XLR,AD3,4,C,C,CYS,ILE,635,637
856,5XLR,AD4,1,C,C,GLY,ARG,311,315
857,5XLR,AD4,2,C,C,CYS,PHE,524,529
858,5XLR,AD4,3,C,C,LEU,PRO,532,540
859,5XLR,AD4,4,C,C,GLU,ILE,569,573
860,5XLR,AD4,5,C,C,SER,ARG,561,563
861,5XLR,AD4,6,C,C,PHE,GLY,551,552
862,5XLR,AD5,1,C,C,GLU,ILE,341,345
863,5XLR,AD5,2,C,C,SER,VAL,380,389
864,5XLR,AD5,3,C,C,TYR,GLU,494,502
865,5XLR,AD5,4,C,C,CYS,ASN,419,424
866,5XLR,AD5,5,C,C,THR,CYS,363,366
867,5XLR,AD6,1,C,C,LYS,ARG,439,441
868,5XLR,AD6,2,C,C,LEU,ASP,478,480
869,5XLR,AD7,1,C,C,ILE,ILE,650,652
870,5XLR,AD7,2,C,C,ILE,ALA,656,658
871,5XLR,AD7,3,C,C,ALA,TYR,676,677
872,5XLR,AD8,1,C,C,ILE,ILE,694,696
873,5XLR,AD8,2,C,C,ARG,PHE,1055,1057
874,5XLR,AD9,1,C,C,SER,PRO,701,710
875,5XLR,AD9,2,C,C,GLY,VAL,1041,1050
876,5XLR,AD9,3,C,C,SER,ALA,1033,1038
877,5XLR,AE1,1,C,C,THR,VAL,716,718
878,5XLR,AE1,2,C,C,LEU,VAL,840,842
879,5XLR,AE2,1,C,C,ILE,CYS,1063,1064
880,5XLR,AE2,2,C,C,ALA,TYR,1069,1070
881,5XLR,AE2,3,C,C,VAL,SER,1104,1105
882,5XLR,AE3,1,C,C,PHE,PHE,1077,1079
883,5XLR,AE3,2,C,C,PHE,THR,1085,1087
884,4ZPW,AA1,1,R,R,LYS,PHE,400,404
885,4ZPW,AA1,2,R,R,SER,SER,440,447
886,4ZPW,AA1,3,R,R,GLN,GLN,568,576
887,4ZPW,AA1,4,R,R,THR,THR,477,483
888,4ZPW,AA1,5,R,R,SER,SER,419,426
889,4ZPW,AA2,1,R,R,ASN,TYR,408,409
890,4ZPW,AA2,2,R,R,CYS,PRO,585,586
891,4ZPW,AA3,1,R,R,GLU,PRO,513,515
892,4ZPW,AA3,2,R,R,LYS,PHE,496,506
893,4ZPW,AA3,3,R,R,TRP,ALA,553,562
894,4ZPW,AA3,4,R,R,TYR,GLN,540,544
895,4ZPW,AA4,1,S,S,LYS,PHE,400,404
896,4ZPW,AA4,2,S,S,SER,SER,440,447
897,4ZPW,AA4,3,S,S,GLN,GLN,568,576
898,4ZPW,AA4,4,S,S,THR,THR,477,483
899,4ZPW,AA4,5,S,S,SER,SER,419,426
900,4ZPW,AA5,1,S,S,ASN,TYR,408,409
901,4ZPW,AA5,2,S,S,CYS,PRO,585,586
902,4ZPW,AA6,1,S,S,GLU,PRO,513,515
903,4ZPW,AA6,2,S,S,LYS,LEU,496,507
904,4ZPW,AA6,3,S,S,GLY,ALA,552,562
905,4ZPW,AA6,4,S,S,TYR,LEU,540,545
906,5X58,AA1,1,A,A,GLN,THR,32,34
907,5X58,AA1,2,A,A,ASN,THR,65,71
908,5X58,AA1,3,A,A,ALA,TYR,250,256
909,5X58,AA1,4,A,A,ILE,GLU,87,93
910,5X58,AA1,5,A,A,HIS,LYS,181,190
911,5X58,AA1,6,A,A,PHE,TYR,193,200
912,5X58,AA1,7,A,A,PHE,PRO,213,223
913,5X58,AA1,8,A,A,MET,TYR,37,41
914,5X58,AA2,1,A,A,ILE,ARG,46,48
915,5X58,AA2,2,C,C,PHE,ARG,551,553
916,5X58,AA2,3,C,C,THR,ARG,559,563
917,5X58,AA2,4,C,C,ILE,SER,570,574
918,5X58,AA2,5,C,C,VAL,PRO,537,540
919,5X58,AA3,1,A,A,LEU,PHE,52,59
920,5X58,AA3,2,A,A,LYS,LYS,258,265
921,5X58,AA3,3,A,A,ASP,ASP,274,277
922,5X58,AA4,1,A,A,ILE,PRO,81,82
923,5X58,AA4,2,A,A,ASN,ALA,230,233
924,5X58,AA4,3,A,A,TRP,GLY,101,104
925,5X58,AA4,4,A,A,SER,ASN,113,118
926,5X58,AA4,5,A,A,ASN,PHE,122,130
927,5X58,AA4,6,A,A,ALA,ALA,156,167
928,5X58,AA5,1,A,A,GLN,THR,147,150
929,5X58,AA5,2,A,A,PHE,SER,138,141
930,5X58,AA5,3,A,A,PHE,SER,238,239
931,5X58,AA6,1,A,A,GLY,ILE,298,299
932,5X58,AA6,2,A,A,VAL,THR,583,585
933,5X58,AA6,3,A,A,VAL,GLN,596,599
934,5X58,AA6,4,A,A,CYS,LEU,635,636
935,5X58,AA7,1,A,A,SER,ASP,310,312
936,5X58,AA7,2,A,A,VAL,PHE,525,527
937,5X58,AA8,1,A,A,ASN,LEU,321,322
938,5X58,AA8,2,A,A,CYS,VAL,348,349
939,5X58,AA9,1,A,A,GLU,ILE,341,345
940,5X58,AA9,2,A,A,VAL,VAL,382,389
941,5X58,AA9,3,A,A,TYR,SER,494,500
942,5X58,AA9,4,A,A,CYS,ASN,419,424
943,5X58,AA9,5,A,A,THR,CYS,363,366
944,5X58,AB1,1,A,A,VAL,PRO,537,540
945,5X58,AB1,2,A,A,ILE,SER,570,574
946,5X58,AB1,3,A,A,THR,ARG,559,563
947,5X58,AB1,4,A,A,PHE,ARG,551,553
948,5X58,AB1,5,B,B,ILE,ARG,46,48
949,5X58,AB2,1,A,A,GLU,HIS,640,641
950,5X58,AB2,2,A,A,VAL,THR,675,678
951,5X58,AB2,3,A,A,ILE,SER,656,659
952,5X58,AB2,4,A,A,ILE,GLY,650,653
953,5X58,AB3,1,A,A,ALA,SER,683,685
954,5X58,AB3,2,B,B,GLN,TYR,769,771
955,5X58,AB4,1,A,A,THR,PRO,693,697
956,5X58,AB4,2,A,A,GLU,THR,1054,1059
957,5X58,AB4,3,A,A,VAL,ASN,1078,1080
958,5X58,AB4,4,A,A,SER,PHE,1083,1085
959,5X58,AB5,1,A,A,ILE,PRO,704,710
960,5X58,AB5,2,A,A,GLY,THR,1041,1048
961,5X58,AB5,3,A,A,HIS,MET,1030,1032
962,5X58,AB6,1,A,A,ILE,PRO,704,710
963,5X58,AB6,2,A,A,GLY,THR,1041,1048
964,5X58,AB6,3,A,A,PRO,ALA,1035,1038
965,5X58,AB7,1,A,A,GLN,TYR,769,771
966,5X58,AB7,2,C,C,ALA,SER,683,685
967,5X58,AB8,1,A,A,PHE,PRO,1071,1072
968,5X58,AB8,2,A,A,THR,PHE,1102,1103
969,5X58,AB9,1,B,B,GLN,THR,32,34
970,5X58,AB9,2,B,B,ASN,THR,65,71
971,5X58,AB9,3,B,B,ALA,TYR,250,256
972,5X58,AB9,4,B,B,ILE,GLU,87,93
973,5X58,AB9,5,B,B,HIS,LYS,181,190
974,5X58,AB9,6,B,B,PHE,TYR,193,200
975,5X58,AB9,7,B,B,PHE,PRO,213,223
976,5X58,AB9,8,B,B,MET,TYR,37,41
977,5X58,AC1,1,B,B,LEU,PHE,52,59
978,5X58,AC1,2,B,B,LYS,LYS,258,265
979,5X58,AC1,3,B,B,ASP,ASP,274,277
980,5X58,AC2,1,B,B,ILE,PRO,81,82
981,5X58,AC2,2,B,B,ASN,ALA,230,233
982,5X58,AC2,3,B,B,TRP,GLY,101,104
983,5X58,AC2,4,B,B,SER,ASN,113,118
984,5X58,AC2,5,B,B,ASN,PHE,122,130
985,5X58,AC2,6,B,B,ALA,ALA,156,167
986,5X58,AC3,1,B,B,GLN,THR,147,150
987,5X58,AC3,2,B,B,PHE,SER,138,141
988,5X58,AC3,3,B,B,PHE,SER,238,239
989,5X58,AC4,1,B,B,GLY,ILE,298,299
990,5X58,AC4,2,B,B,VAL,THR,583,585
991,5X58,AC4,3,B,B,VAL,GLN,596,599
992,5X58,AC4,4,B,B,CYS,LEU,635,636
993,5X58,AC5,1,B,B,SER,ASP,310,312
994,5X58,AC5,2,B,B,VAL,PHE,525,527
995,5X58,AC6,1,B,B,ASN,LEU,321,322
996,5X58,AC6,2,B,B,CYS,VAL,348,349
997,5X58,AC7,1,B,B,GLU,ILE,341,345
998,5X58,AC7,2,B,B,VAL,VAL,382,389
999,5X58,AC7,3,B,B,TYR,SER,494,500
1000,5X58,AC7,4,B,B,CYS,ASN,419,424
1001,5X58,AC7,5,B,B,THR,CYS,363,366
1002,5X58,AC8,1,B,B,VAL,PRO,537,540
1003,5X58,AC8,2,B,B,ILE,SER,570,574
1004,5X58,AC8,3,B,B,THR,ARG,559,563
1005,5X58,AC8,4,B,B,PHE,ARG,551,553
1006,5X58,AC8,5,C,C,ILE,ARG,46,48
1007,5X58,AC9,1,B,B,GLU,HIS,640,641
1008,5X58,AC9,2,B,B,VAL,THR,675,678
1009,5X58,AC9,3,B,B,ILE,SER,656,659
1010,5X58,AC9,4,B,B,ILE,GLY,650,653
1011,5X58,AD1,1,B,B,ALA,SER,683,685
1012,5X58,AD1,2,C,C,GLN,TYR,769,771
1013,5X58,AD2,1,B,B,THR,PRO,693,697
1014,5X58,AD2,2,B,B,GLU,THR,1054,1059
1015,5X58,AD2,3,B,B,VAL,ASN,1078,1080
1016,5X58,AD2,4,B,B,SER,PHE,1083,1085
1017,5X58,AD3,1,B,B,ILE,PRO,704,710
1018,5X58,AD3,2,B,B,GLY,THR,1041,1048
1019,5X58,AD3,3,B,B,HIS,MET,1030,1032
1020,5X58,AD4,1,B,B,ILE,PRO,704,710
1021,5X58,AD4,2,B,B,GLY,THR,1041,1048
1022,5X58,AD4,3,B,B,PRO,ALA,1035,1038
1023,5X58,AD5,1,B,B,PHE,PRO,1071,1072
1024,5X58,AD5,2,B,B,THR,PHE,1102,1103
1025,5X58,AD6,1,C,C,GLN,THR,32,34
1026,5X58,AD6,2,C,C,ASN,THR,65,71
1027,5X58,AD6,3,C,C,ALA,TYR,250,256
1028,5X58,AD6,4,C,C,ILE,GLU,87,93
1029,5X58,AD6,5,C,C,HIS,LYS,181,190
1030,5X58,AD6,6,C,C,PHE,TYR,193,200
1031,5X58,AD6,7,C,C,PHE,PRO,213,223
1032,5X58,AD6,8,C,C,MET,TYR,37,41
1033,5X58,AD7,1,C,C,LEU,PHE,52,59
1034,5X58,AD7,2,C,C,LYS,LYS,258,265
1035,5X58,AD7,3,C,C,ASP,ASP,274,277
1036,5X58,AD8,1,C,C,ILE,PRO,81,82
1037,5X58,AD8,2,C,C,ASN,ALA,230,233
1038,5X58,AD8,3,C,C,TRP,GLY,101,104
1039,5X58,AD8,4,C,C,SER,ASN,113,118
1040,5X58,AD8,5,C,C,ASN,PHE,122,130
1041,5X58,AD8,6,C,C,ALA,ALA,156,167
1042,5X58,AD9,1,C,C,GLN,THR,147,150
1043,5X58,AD9,2,C,C,PHE,SER,138,141
1044,5X58,AD9,3,C,C,PHE,SER,238,239
1045,5X58,AE1,1,C,C,GLY,ILE,298,299
1046,5X58,AE1,2,C,C,VAL,THR,583,585
1047,5X58,AE1,3,C,C,VAL,GLN,596,599
1048,5X58,AE1,4,C,C,CYS,LEU,635,636
1049,5X58,AE2,1,C,C,SER,ASP,310,312
1050,5X58,AE2,2,C,C,VAL,PHE,525,527
1051,5X58,AE3,1,C,C,ASN,LEU,321,322
1052,5X58,AE3,2,C,C,CYS,VAL,348,349
1053,5X58,AE4,1,C,C,GLU,ILE,341,345
1054,5X58,AE4,2,C,C,VAL,VAL,382,389
1055,5X58,AE4,3,C,C,TYR,SER,494,500
1056,5X58,AE4,4,C,C,CYS,ASN,419,424
1057,5X58,AE4,5,C,C,THR,CYS,363,366
1058,5X58,AE5,1,C,C,GLU,HIS,640,641
1059,5X58,AE5,2,C,C,VAL,THR,675,678
1060,5X58,AE5,3,C,C,ILE,SER,656,659
1061,5X58,AE5,4,C,C,ILE,GLY,650,653
1062,5X58,AE6,1,C,C,THR,PRO,693,697
1063,5X58,AE6,2,C,C,GLU,THR,1054,1059
1064,5X58,AE6,3,C,C,VAL,ASN,1078,1080
1065,5X58,AE6,4,C,C,SER,PHE,1083,1085
1066,5X58,AE7,1,C,C,ILE,PRO,704,710
1067,5X58,AE7,2,C,C,GLY,THR,1041,1048
1068,5X58,AE7,3,C,C,HIS,MET,1030,1032
1069,5X58,AE8,1,C,C,ILE,PRO,704,710
1070,5X58,AE8,2,C,C,GLY,THR,1041,1048
1071,5X58,AE8,3,C,C,PRO,ALA,1035,1038
1072,5X58,AE9,1,C,C,PHE,PRO,1071,1072
1073,5X58,AE9,2,C,C,THR,PHE,1102,1103
1074,5X59,AA1,1,A,A,VAL,ILE,33,35
1075,5X59,AA1,2,A,A,LEU,VAL,100,102
1076,5X59,AA2,1,A,A,THR,PHE,68,75
1077,5X59,AA2,2,A,A,GLN,PHE,319,327
1078,5X59,AA2,3,A,A,ILE,ASP,333,338
1079,5X59,AA3,1,A,A,ASP,TYR,83,85
1080,5X59,AA3,2,A,A,PHE,LYS,313,317
1081,5X59,AA3,3,A,A,PHE,ILE,116,120
1082,5X59,AA3,4,A,A,GLU,THR,252,259
1083,5X59,AA3,5,A,A,GLY,SER,262,267
1084,5X59,AA3,6,A,A,PHE,LEU,279,284
1085,5X59,AA4,1,A,A,SER,ALA,88,89
1086,5X59,AA4,2,A,A,HIS,ILE,298,300
1087,5X59,AA4,3,A,A,THR,HIS,206,208
1088,5X59,AA5,1,A,A,LYS,GLN,110,111
1089,5X59,AA5,2,A,A,TYR,ILE,292,295
1090,5X59,AA5,3,A,A,PHE,GLY,147,150
1091,5X59,AA5,4,A,A,HIS,ASP,167,174
1092,5X59,AA5,5,A,A,LEU,PRO,179,189
1093,5X59,AA5,6,A,A,PHE,ASN,232,244
1094,5X59,AA6,1,A,A,THR,THR,127,129
1095,5X59,AA6,2,A,A,SER,ARG,137,141
1096,5X59,AA6,3,A,A,ALA,TRP,309,310
1097,5X59,AA7,1,A,A,VAL,ASN,153,155
1098,5X59,AA7,2,A,A,MET,PHE,161,164
1099,5X59,AA8,1,A,A,VAL,TYR,360,361
1100,5X59,AA8,2,A,A,VAL,ILE,661,662
1101,5X59,AA9,1,A,A,VAL,VAL,374,375
1102,5X59,AA9,2,A,A,TYR,SER,606,607
1103,5X59,AB1,1,A,A,LYS,PHE,400,404
1104,5X59,AB1,2,A,A,SER,SER,440,447
1105,5X59,AB1,3,A,A,GLN,GLN,568,576
1106,5X59,AB1,4,A,A,THR,THR,477,483
1107,5X59,AB1,5,A,A,SER,SER,419,426
1108,5X59,AB2,1,A,A,CYS,TYR,407,409
1109,5X59,AB2,2,A,A,VAL,PRO,584,586
1110,5X59,AB3,1,A,A,GLU,PRO,513,515
1111,5X59,AB3,2,A,A,LYS,LEU,496,506
1112,5X59,AB3,3,A,A,TRP,ALA,553,562
1113,5X59,AB3,4,A,A,TYR,GLN,540,544
1114,5X59,AB4,1,A,A,GLN,ASN,618,619
1115,5X59,AB4,2,A,A,TYR,CYS,649,650
1116,5X59,AB5,1,A,A,LYS,ILE,779,782
1117,5X59,AB5,2,A,A,ILE,VAL,1147,1150
1118,5X59,AB6,1,A,A,THR,VAL,803,804
1119,5X59,AB6,2,A,A,TYR,LYS,932,933
1120,5X59,AB7,1,A,A,HIS,VAL,1122,1124
1121,5X59,AB7,2,A,A,VAL,GLY,1139,1140
1122,5X59,AB8,1,B,B,VAL,ILE,33,35
1123,5X59,AB8,2,B,B,LEU,VAL,100,102
1124,5X59,AB9,1,B,B,THR,PHE,68,75
1125,5X59,AB9,2,B,B,GLN,PHE,319,327
1126,5X59,AB9,3,B,B,ILE,ASP,333,338
1127,5X59,AC1,1,B,B,ASP,TYR,83,85
1128,5X59,AC1,2,B,B,PHE,LYS,313,317
1129,5X59,AC1,3,B,B,PHE,ILE,116,120
1130,5X59,AC1,4,B,B,GLU,THR,252,259
1131,5X59,AC1,5,B,B,GLY,SER,262,267
1132,5X59,AC1,6,B,B,PHE,LEU,279,284
1133,5X59,AC2,1,B,B,SER,ALA,88,89
1134,5X59,AC2,2,B,B,HIS,ILE,298,300
1135,5X59,AC2,3,B,B,THR,HIS,206,208
1136,5X59,AC3,1,B,B,LYS,GLN,110,111
1137,5X59,AC3,2,B,B,TYR,ILE,292,295
1138,5X59,AC3,3,B,B,PHE,GLY,147,150
1139,5X59,AC3,4,B,B,HIS,ASP,167,174
1140,5X59,AC3,5,B,B,LEU,PRO,179,189
1141,5X59,AC3,6,B,B,PHE,ASN,232,244
1142,5X59,AC4,1,B,B,THR,THR,127,129
1143,5X59,AC4,2,B,B,SER,ARG,137,141
1144,5X59,AC4,3,B,B,ALA,TRP,309,310
1145,5X59,AC5,1,B,B,VAL,ASN,153,155
1146,5X59,AC5,2,B,B,MET,PHE,161,164
1147,5X59,AC6,1,B,B,VAL,TYR,360,361
1148,5X59,AC6,2,B,B,VAL,ILE,661,662
1149,5X59,AC7,1,B,B,VAL,VAL,374,375
1150,5X59,AC7,2,B,B,TYR,SER,606,607
1151,5X59,AC8,1,B,B,LYS,PHE,400,404
1152,5X59,AC8,2,B,B,SER,SER,440,447
1153,5X59,AC8,3,B,B,GLN,GLN,568,576
1154,5X59,AC8,4,B,B,THR,THR,477,483
1155,5X59,AC8,5,B,B,SER,SER,419,426
1156,5X59,AC9,1,B,B,CYS,TYR,407,409
1157,5X59,AC9,2,B,B,VAL,PRO,584,586
1158,5X59,AD1,1,B,B,GLU,PRO,513,515
1159,5X59,AD1,2,B,B,LYS,LEU,496,506
1160,5X59,AD1,3,B,B,TRP,ALA,553,562
1161,5X59,AD1,4,B,B,TYR,GLN,540,544
1162,5X59,AD2,1,B,B,GLN,ASN,618,619
1163,5X59,AD2,2,B,B,TYR,CYS,649,650
1164,5X59,AD3,1,B,B,LYS,ILE,779,782
1165,5X59,AD3,2,B,B,ILE,VAL,1147,1150
1166,5X59,AD4,1,B,B,THR,VAL,803,804
1167,5X59,AD4,2,B,B,TYR,LYS,932,933
1168,5X59,AD5,1,B,B,HIS,VAL,1122,1124
1169,5X59,AD5,2,B,B,VAL,GLY,1139,1140
1170,5X59,AD6,1,C,C,VAL,ILE,33,35
1171,5X59,AD6,2,C,C,LEU,VAL,100,102
1172,5X59,AD7,1,C,C,THR,PHE,68,75
1173,5X59,AD7,2,C,C,GLN,PHE,319,327
1174,5X59,AD7,3,C,C,ILE,ASP,333,338
1175,5X59,AD8,1,C,C,ASP,TYR,83,85
1176,5X59,AD8,2,C,C,PHE,LYS,313,317
1177,5X59,AD8,3,C,C,PHE,ILE,116,120
1178,5X59,AD8,4,C,C,GLU,THR,252,259
1179,5X59,AD8,5,C,C,GLY,SER,262,267
1180,5X59,AD8,6,C,C,PHE,LEU,279,284
1181,5X59,AD9,1,C,C,SER,ALA,88,89
1182,5X59,AD9,2,C,C,HIS,ILE,298,300
1183,5X59,AD9,3,C,C,THR,HIS,206,208
1184,5X59,AE1,1,C,C,LYS,GLN,110,111
1185,5X59,AE1,2,C,C,TYR,ILE,292,295
1186,5X59,AE1,3,C,C,PHE,GLY,147,150
1187,5X59,AE1,4,C,C,HIS,ASP,167,174
1188,5X59,AE1,5,C,C,LEU,PRO,179,189
1189,5X59,AE1,6,C,C,PHE,ASN,232,244
1190,5X59,AE2,1,C,C,THR,THR,127,129
1191,5X59,AE2,2,C,C,SER,ARG,137,141
1192,5X59,AE2,3,C,C,ALA,TRP,309,310
1193,5X59,AE3,1,C,C,VAL,ASN,153,155
1194,5X59,AE3,2,C,C,MET,PHE,161,164
1195,5X59,AE4,1,C,C,VAL,TYR,360,361
1196,5X59,AE4,2,C,C,VAL,ILE,661,662
1197,5X59,AE5,1,C,C,VAL,VAL,374,375
1198,5X59,AE5,2,C,C,TYR,SER,606,607
1199,5X59,AE6,1,C,C,LYS,PHE,400,404
1200,5X59,AE6,2,C,C,SER,SER,440,447
1201,5X59,AE6,3,C,C,GLN,GLN,568,576
1202,5X59,AE6,4,C,C,THR,THR,477,483
1203,5X59,AE6,5,C,C,SER,SER,419,426
1204,5X59,AE7,1,C,C,CYS,TYR,407,409
1205,5X59,AE7,2,C,C,VAL,PRO,584,586
1206,5X59,AE8,1,C,C,GLU,PRO,513,515
1207,5X59,AE8,2,C,C,LYS,LEU,496,506
1208,5X59,AE8,3,C,C,TRP,ALA,553,562
1209,5X59,AE8,4,C,C,TYR,GLN,540,544
1210,5X59,AE9,1,C,C,GLN,ASN,618,619
1211,5X59,AE9,2,C,C,TYR,CYS,649,650
1212,5X59,AF1,1,C,C,LYS,ILE,779,782
1213,5X59,AF1,2,C,C,ILE,VAL,1147,1150
1214,5X59,AF2,1,C,C,THR,VAL,803,804
1215,5X59,AF2,2,C,C,TYR,LYS,932,933
1216,5X59,AF3,1,C,C,HIS,VAL,1122,1124
1217,5X59,AF3,2,C,C,VAL,GLY,1139,1140
1218,5KWB,AA1,1,A,A,VAL,ARG,317,319
1219,5KWB,AA1,2,A,A,CYS,LEU,621,626
1220,5KWB,AA1,3,A,A,ILE,VAL,629,638
1221,5KWB,AA1,4,A,A,THR,PHE,668,672
1222,5KWB,AA1,5,A,A,ILE,LYS,657,661
1223,5KWB,AA1,6,A,A,LEU,TYR,649,651
1224,5KWB,AA2,1,A,A,ASN,PRO,337,339
1225,5KWB,AA2,2,A,A,THR,ASN,435,437
1226,5KWB,AA3,1,A,A,GLU,PHE,345,349
1227,5KWB,AA3,2,A,A,SER,ALA,385,392
1228,5KWB,AA3,3,A,A,ARG,ASN,587,597
1229,5KWB,AA3,4,A,A,SER,PRO,422,430
1230,5KWB,AA3,5,A,A,HIS,ASN,364,371
1231,5KWB,AA4,1,A,A,GLU,PHE,345,349
1232,5KWB,AA4,2,A,A,SER,ALA,385,392
1233,5KWB,AA4,3,A,A,ARG,ASN,587,597
1234,5KWB,AA4,4,A,A,VAL,SER,583,584
1235,5KWB,AA5,1,A,A,CYS,PHE,352,354
1236,5KWB,AA5,2,A,A,THR,SER,604,606
1237,5KWB,AA5,3,A,A,CYS,PHE,382,383
1238,5KWB,AA6,1,A,A,SER,SER,459,463
1239,5KWB,AA6,2,A,A,TRP,THR,577,581
1240,5KWB,AA7,1,A,A,PHE,SER,467,468
1241,5KWB,AA7,2,A,A,LYS,LYS,536,537
1242,5KWB,AA8,1,A,A,CYS,VAL,504,509
1243,5KWB,AA8,2,A,A,HIS,CYS,512,518
1244,6CV0,AA1,1,A,A,GLY,GLY,39,45
1245,6CV0,AA1,2,A,A,VAL,VAL,204,211
1246,6CV0,AA1,3,A,A,THR,LEU,214,220
1247,6CV0,AA2,1,A,A,VAL,GLU,50,55
1248,6CV0,AA2,2,A,A,ILE,VAL,196,200
1249,6CV0,AA2,3,A,A,SER,THR,80,84
1250,6CV0,AA2,4,A,A,SER,VAL,157,161
1251,6CV0,AA2,5,A,A,VAL,LEU,167,169
1252,6CV0,AA3,1,A,A,ARG,ALA,74,78
1253,6CV0,AA3,2,A,A,VAL,GLY,183,187
1254,6CV0,AA3,3,A,A,HIS,ASN,101,103
1255,6CV0,AA3,4,A,A,THR,PHE,108,110
1256,6CV0,AA3,5,A,A,VAL,MET,133,136
1257,6CV0,AA3,6,A,A,LEU,LEU,141,145
1258,6CV0,AA4,1,A,A,GLY,PHE,241,245
1259,6CV0,AA4,2,A,A,GLN,SER,496,501
1260,6CV0,AA4,3,A,A,LYS,THR,504,510
1261,6CV0,AA4,4,A,A,PHE,TYR,524,525
1262,6CV0,AA4,5,A,A,GLN,LEU,518,519
1263,6CV0,AA5,1,A,A,PHE,VAL,255,257
1264,6CV0,AA5,2,A,A,VAL,ILE,432,436
1265,6CV0,AA5,3,A,A,ARG,ASN,439,447
1266,6CV0,AA5,4,A,A,THR,PRO,484,490
1267,6CV0,AA5,5,A,A,ILE,VAL,472,477
1268,6CV0,AA5,6,A,A,ILE,LEU,465,466
1269,6CV0,AA6,1,A,A,HIS,THR,270,273
1270,6CV0,AA6,2,A,A,GLY,ASN,301,306
1271,6CV0,AA6,3,A,A,SER,THR,404,411
1272,6CV0,AA6,4,A,A,LEU,SER,340,344
1273,6CV0,AA7,1,A,A,VAL,TYR,314,315
1274,6CV0,AA7,2,A,A,TYR,SER,373,374
1275,6CV0,AA8,1,A,A,VAL,ALA,347,350
1276,6CV0,AA8,2,A,A,LEU,VAL,398,401
1277,6CV0,AA8,3,A,A,CYS,CYS,369,370
1278,6CV0,AA9,1,A,A,PHE,ILE,554,556
1279,6CV0,AA9,2,A,A,ILE,THR,562,564
1280,6CV0,AB1,1,A,A,VAL,PRO,584,587
1281,6CV0,AB1,2,A,A,PHE,VAL,945,948
1282,6CV0,AB2,1,A,A,VAL,GLN,594,600
1283,6CV0,AB2,2,A,A,GLY,PHE,932,938
1284,6CV0,AB2,3,A,A,THR,ASN,924,928
1285,6CV0,AB3,1,A,A,LYS,ILE,605,608
1286,6CV0,AB3,2,A,A,LEU,LEU,735,738
1287,6CV0,AB4,1,A,A,ALA,ILE,965,966
1288,6CV0,AB4,2,A,A,THR,LEU,1002,1003
1289,6CV0,AB5,1,A,A,PHE,VAL,975,978
1290,6CV0,AB5,2,A,A,SER,ILE,981,984
1291,6CV0,AB6,1,B,B,GLY,GLY,39,45
1292,6CV0,AB6,2,B,B,VAL,VAL,204,211
1293,6CV0,AB6,3,B,B,THR,LEU,214,220
1294,6CV0,AB7,1,B,B,VAL,GLU,50,55
1295,6CV0,AB7,2,B,B,ILE,VAL,196,200
1296,6CV0,AB7,3,B,B,SER,THR,80,84
1297,6CV0,AB7,4,B,B,SER,VAL,157,161
1298,6CV0,AB7,5,B,B,VAL,LEU,167,169
1299,6CV0,AB8,1,B,B,ARG,ALA,74,78
1300,6CV0,AB8,2,B,B,VAL,GLY,183,187
1301,6CV0,AB8,3,B,B,HIS,ASN,101,103
1302,6CV0,AB8,4,B,B,THR,PHE,108,110
1303,6CV0,AB8,5,B,B,VAL,MET,133,136
1304,6CV0,AB8,6,B,B,LEU,LEU,141,145
1305,6CV0,AB9,1,B,B,GLY,PHE,241,245
1306,6CV0,AB9,2,B,B,GLN,SER,496,501
1307,6CV0,AB9,3,B,B,LYS,THR,504,510
1308,6CV0,AB9,4,B,B,PHE,TYR,524,525
1309,6CV0,AB9,5,B,B,GLN,LEU,518,519
1310,6CV0,AC1,1,B,B,PHE,VAL,255,257
1311,6CV0,AC1,2,B,B,VAL,ILE,432,436
1312,6CV0,AC1,3,B,B,ARG,ASN,439,447
1313,6CV0,AC1,4,B,B,THR,PRO,484,490
1314,6CV0,AC1,5,B,B,ILE,VAL,472,477
1315,6CV0,AC1,6,B,B,ILE,LEU,465,466
1316,6CV0,AC2,1,B,B,HIS,THR,270,273
1317,6CV0,AC2,2,B,B,GLY,ASN,301,306
1318,6CV0,AC2,3,B,B,SER,THR,404,411
1319,6CV0,AC2,4,B,B,LEU,SER,340,344
1320,6CV0,AC3,1,B,B,VAL,TYR,314,315
1321,6CV0,AC3,2,B,B,TYR,SER,373,374
1322,6CV0,AC4,1,B,B,VAL,ALA,347,350
1323,6CV0,AC4,2,B,B,LEU,VAL,398,401
1324,6CV0,AC4,3,B,B,CYS,CYS,369,370
1325,6CV0,AC5,1,B,B,PHE,ILE,554,556
1326,6CV0,AC5,2,B,B,ILE,THR,562,564
1327,6CV0,AC6,1,B,B,VAL,PRO,584,587
1328,6CV0,AC6,2,B,B,PHE,VAL,945,948
1329,6CV0,AC7,1,B,B,VAL,GLN,594,600
1330,6CV0,AC7,2,B,B,GLY,PHE,932,938
1331,6CV0,AC7,3,B,B,THR,ASN,924,928
1332,6CV0,AC8,1,B,B,LYS,ILE,605,608
1333,6CV0,AC8,2,B,B,LEU,LEU,735,738
1334,6CV0,AC9,1,B,B,ALA,ILE,965,966
1335,6CV0,AC9,2,B,B,THR,LEU,1002,1003
1336,6CV0,AD1,1,B,B,PHE,VAL,975,978
1337,6CV0,AD1,2,B,B,SER,ILE,981,984
1338,6CV0,AD2,1,C,C,GLY,GLY,39,45
1339,6CV0,AD2,2,C,C,VAL,VAL,204,211
1340,6CV0,AD2,3,C,C,THR,LEU,214,220
1341,6CV0,AD3,1,C,C,VAL,GLU,50,55
1342,6CV0,AD3,2,C,C,ILE,VAL,196,200
1343,6CV0,AD3,3,C,C,SER,THR,80,84
1344,6CV0,AD3,4,C,C,SER,VAL,157,161
1345,6CV0,AD3,5,C,C,VAL,LEU,167,169
1346,6CV0,AD4,1,C,C,ARG,ALA,74,78
1347,6CV0,AD4,2,C,C,VAL,GLY,183,187
1348,6CV0,AD4,3,C,C,HIS,ASN,101,103
1349,6CV0,AD4,4,C,C,THR,PHE,108,110
1350,6CV0,AD4,5,C,C,VAL,MET,133,136
1351,6CV0,AD4,6,C,C,LEU,LEU,141,145
1352,6CV0,AD5,1,C,C,GLY,PHE,241,245
1353,6CV0,AD5,2,C,C,GLN,SER,496,501
1354,6CV0,AD5,3,C,C,LYS,THR,504,510
1355,6CV0,AD5,4,C,C,PHE,TYR,524,525
1356,6CV0,AD5,5,C,C,GLN,LEU,518,519
1357,6CV0,AD6,1,C,C,PHE,VAL,255,257
1358,6CV0,AD6,2,C,C,VAL,ILE,432,436
1359,6CV0,AD6,3,C,C,ARG,ASN,439,447
1360,6CV0,AD6,4,C,C,THR,PRO,484,490
1361,6CV0,AD6,5,C,C,ILE,VAL,472,477
1362,6CV0,AD6,6,C,C,ILE,LEU,465,466
1363,6CV0,AD7,1,C,C,HIS,THR,270,273
1364,6CV0,AD7,2,C,C,GLY,ASN,301,306
1365,6CV0,AD7,3,C,C,SER,THR,404,411
1366,6CV0,AD7,4,C,C,LEU,SER,340,344
1367,6CV0,AD8,1,C,C,VAL,TYR,314,315
1368,6CV0,AD8,2,C,C,TYR,SER,373,374
1369,6CV0,AD9,1,C,C,VAL,ALA,347,350
1370,6CV0,AD9,2,C,C,LEU,VAL,398,401
1371,6CV0,AD9,3,C,C,CYS,CYS,369,370
1372,6CV0,AE1,1,C,C,PHE,ILE,554,556
1373,6CV0,AE1,2,C,C,ILE,THR,562,564
1374,6CV0,AE2,1,C,C,VAL,PRO,584,587
1375,6CV0,AE2,2,C,C,PHE,VAL,945,948
1376,6CV0,AE3,1,C,C,VAL,GLN,594,600
1377,6CV0,AE3,2,C,C,GLY,PHE,932,938
1378,6CV0,AE3,3,C,C,THR,ASN,924,928
1379,6CV0,AE4,1,C,C,LYS,ILE,605,608
1380,6CV0,AE4,2,C,C,LEU,LEU,735,738
1381,6CV0,AE5,1,C,C,ALA,ILE,965,966
1382,6CV0,AE5,2,C,C,THR,LEU,1002,1003
1383,6CV0,AE6,1,C,C,PHE,VAL,975,978
1384,6CV0,AE6,2,C,C,SER,ILE,981,984
1385,2GHV,  A,1,E,E,GLU,ILE,341,345
1386,2GHV,  A,2,E,E,VAL,LYS,382,390
1387,2GHV,  A,3,E,E,PRO,PHE,493,501
1388,2GHV,  A,4,E,E,GLY,ASN,418,424
1389,2GHV,  A,5,E,E,THR,TYR,363,367
1390,2GHV,  B,1,E,E,LYS,ARG,439,441
1391,2GHV,  B,2,E,E,LEU,ASP,478,480
1392,2GHV,  C,1,C,C,GLU,ILE,341,345
1393,2GHV,  C,2,C,C,VAL,LYS,382,390
1394,2GHV,  C,3,C,C,PRO,SER,493,500
1395,2GHV,  C,4,C,C,GLY,ASN,418,424
1396,2GHV,  C,5,C,C,THR,TYR,363,367
1397,2GHV,  D,1,C,C,LYS,ARG,439,441
1398,2GHV,  D,2,C,C,LEU,ASP,478,480
1399,6ACD,AA1,1,A,A,GLN,THR,32,34
1400,6ACD,AA1,2,A,A,ASN,PHE,65,69
1401,6ACD,AA1,3,A,A,ALA,TYR,251,256
1402,6ACD,AA1,4,A,A,ILE,GLU,87,93
1403,6ACD,AA1,5,A,A,HIS,LYS,181,190
1404,6ACD,AA1,6,A,A,PHE,TYR,193,200
1405,6ACD,AA1,7,A,A,LYS,LEU,217,222
1406,6ACD,AA2,1,A,A,LEU,PHE,52,59
1407,6ACD,AA2,2,A,A,LYS,TYR,258,266
1408,6ACD,AA2,3,A,A,ILE,ASP,272,277
1409,6ACD,AA3,1,A,A,ILE,PRO,81,82
1410,6ACD,AA3,2,A,A,ASN,ALA,230,233
1411,6ACD,AA3,3,A,A,TRP,GLY,101,104
1412,6ACD,AA3,4,A,A,GLN,ASN,112,118
1413,6ACD,AA3,5,A,A,VAL,ASN,123,129
1414,6ACD,AA3,6,A,A,PHE,ILE,157,164
1415,6ACD,AA4,1,A,A,PHE,SER,138,141
1416,6ACD,AA4,2,A,A,THR,SER,236,239
1417,6ACD,AA5,1,A,A,GLY,ARG,298,306
1418,6ACD,AA5,2,A,A,PHE,THR,578,585
1419,6ACD,AA5,3,A,A,ALA,LEU,595,597
1420,6ACD,AA5,4,A,A,LEU,ILE,636,637
1421,6ACD,AA5,5,A,A,ASN,VAL,627,628
1422,6ACD,AA6,1,A,A,GLY,VAL,311,314
1423,6ACD,AA6,2,A,A,VAL,ASN,525,528
1424,6ACD,AA6,3,A,A,THR,PRO,533,540
1425,6ACD,AA6,4,A,A,SER,ILE,568,573
1426,6ACD,AA6,5,A,A,SER,ASP,561,564
1427,6ACD,AA7,1,A,A,GLU,ILE,341,345
1428,6ACD,AA7,2,A,A,VAL,VAL,382,389
1429,6ACD,AA7,3,A,A,TYR,SER,494,500
1430,6ACD,AA7,4,A,A,CYS,ASN,419,424
1431,6ACD,AA7,5,A,A,THR,CYS,363,366
1432,6ACD,AA8,1,A,A,CYS,VAL,348,349
1433,6ACD,AA8,2,A,A,VAL,CYS,510,511
1434,6ACD,AA9,1,A,A,LYS,ARG,439,441
1435,6ACD,AA9,2,A,A,LEU,ASP,478,480
1436,6ACD,AB1,1,A,A,GLU,VAL,640,642
1437,6ACD,AB1,2,A,A,VAL,TYR,675,677
1438,6ACD,AB1,3,A,A,CYS,ALA,657,658
1439,6ACD,AB1,4,A,A,ILE,PRO,650,651
1440,6ACD,AB2,1,A,A,ALA,ASP,683,684
1441,6ACD,AB2,2,C,C,GLN,MET,769,770
1442,6ACD,AB3,1,A,A,PHE,SER,700,701
1443,6ACD,AB3,2,A,A,VAL,PRO,1050,1051
1444,6ACD,AB4,1,A,A,ILE,PRO,704,710
1445,6ACD,AB4,2,A,A,GLY,VAL,1041,1047
1446,6ACD,AB4,3,A,A,MET,ALA,1032,1037
1447,6ACD,AB5,1,A,A,THR,VAL,716,718
1448,6ACD,AB5,2,A,A,LEU,VAL,840,842
1449,6ACD,AB6,1,A,A,GLN,MET,769,770
1450,6ACD,AB6,2,B,B,ALA,ASP,683,684
1451,6ACD,AB7,1,A,A,TYR,PHE,778,779
1452,6ACD,AB7,2,A,A,PHE,ASN,782,783
1453,6ACD,AB8,1,A,A,ALA,PHE,1069,1071
1454,6ACD,AB8,2,A,A,PHE,SER,1103,1105
1455,6ACD,AB9,1,A,A,VAL,PHE,1078,1079
1456,6ACD,AB9,2,A,A,PHE,ILE,1085,1086
1457,6ACD,AC1,1,B,B,THR,THR,31,34
1458,6ACD,AC1,2,B,B,ASN,PHE,65,69
1459,6ACD,AC1,3,B,B,ALA,TYR,251,256
1460,6ACD,AC1,4,B,B,ILE,GLU,87,93
1461,6ACD,AC1,5,B,B,HIS,LYS,181,190
1462,6ACD,AC1,6,B,B,PHE,GLY,193,199
1463,6ACD,AC1,7,B,B,LYS,LEU,217,222
1464,6ACD,AC2,1,B,B,LEU,PHE,52,59
1465,6ACD,AC2,2,B,B,LYS,TYR,258,266
1466,6ACD,AC2,3,B,B,ILE,ASP,272,277
1467,6ACD,AC3,1,B,B,ILE,PRO,81,82
1468,6ACD,AC3,2,B,B,ASN,ALA,230,233
1469,6ACD,AC3,3,B,B,TRP,GLY,101,104
1470,6ACD,AC3,4,B,B,GLN,ASN,112,118
1471,6ACD,AC3,5,B,B,VAL,ASN,123,129
1472,6ACD,AC3,6,B,B,PHE,ILE,157,164
1473,6ACD,AC4,1,B,B,ALA,SER,139,141
1474,6ACD,AC4,2,B,B,ALA,SER,237,239
1475,6ACD,AC5,1,B,B,TYR,ARG,300,306
1476,6ACD,AC5,2,B,B,PHE,ILE,578,584
1477,6ACD,AC5,3,B,B,ALA,LEU,595,597
1478,6ACD,AC5,4,B,B,LEU,ILE,636,637
1479,6ACD,AC5,5,B,B,ASN,VAL,627,628
1480,6ACD,AC6,1,B,B,GLU,ILE,341,345
1481,6ACD,AC6,2,B,B,VAL,VAL,382,389
1482,6ACD,AC6,3,B,B,TYR,SER,494,500
1483,6ACD,AC6,4,B,B,CYS,ASN,419,424
1484,6ACD,AC6,5,B,B,THR,CYS,363,366
1485,6ACD,AC7,1,B,B,TYR,ARG,440,441
1486,6ACD,AC7,2,B,B,LEU,ASN,478,479
1487,6ACD,AC8,1,B,B,VAL,ASN,525,528
1488,6ACD,AC8,2,B,B,THR,PRO,533,540
1489,6ACD,AC8,3,B,B,SER,ILE,568,573
1490,6ACD,AC8,4,B,B,SER,ASP,561,564
1491,6ACD,AC9,1,B,B,ILE,PRO,650,651
1492,6ACD,AC9,2,B,B,CYS,ALA,657,658
1493,6ACD,AC9,3,B,B,ALA,TYR,676,677
1494,6ACD,AD1,1,B,B,PHE,SER,700,701
1495,6ACD,AD1,2,B,B,VAL,PRO,1050,1051
1496,6ACD,AD2,1,B,B,ILE,PRO,704,710
1497,6ACD,AD2,2,B,B,GLY,VAL,1041,1047
1498,6ACD,AD2,3,B,B,MET,ALA,1032,1037
1499,6ACD,AD3,1,B,B,THR,VAL,716,718
1500,6ACD,AD3,2,B,B,LEU,VAL,840,842
1501,6ACD,AD4,1,B,B,VAL,PHE,1078,1079
1502,6ACD,AD4,2,B,B,PHE,ILE,1085,1086
1503,6ACD,AD4,3,B,B,GLN,ILE,1095,1096
1504,6ACD,AD5,1,C,C,THR,THR,31,34
1505,6ACD,AD5,2,C,C,ASN,THR,65,71
1506,6ACD,AD5,3,C,C,ALA,TYR,250,256
1507,6ACD,AD5,4,C,C,ILE,GLU,87,93
1508,6ACD,AD5,5,C,C,HIS,LYS,181,190
1509,6ACD,AD5,6,C,C,PHE,TYR,193,200
1510,6ACD,AD5,7,C,C,LYS,LEU,217,222
1511,6ACD,AD6,1,C,C,THR,PHE,51,59
1512,6ACD,AD6,2,C,C,LYS,TYR,258,266
1513,6ACD,AD6,3,C,C,ILE,ASP,272,277
1514,6ACD,AD7,1,C,C,ILE,PRO,81,82
1515,6ACD,AD7,2,C,C,ASN,ALA,230,233
1516,6ACD,AD7,3,C,C,TRP,GLY,101,104
1517,6ACD,AD7,4,C,C,GLN,ASN,112,118
1518,6ACD,AD7,5,C,C,VAL,ASN,123,129
1519,6ACD,AD7,6,C,C,PHE,ILE,157,164
1520,6ACD,AD8,1,C,C,ALA,SER,139,141
1521,6ACD,AD8,2,C,C,ALA,SER,237,239
1522,6ACD,AD9,1,C,C,TYR,ARG,300,306
1523,6ACD,AD9,2,C,C,PHE,ILE,578,584
1524,6ACD,AD9,3,C,C,ALA,LEU,595,597
1525,6ACD,AD9,4,C,C,LEU,ILE,636,637
1526,6ACD,AD9,5,C,C,ASN,VAL,627,628
1527,6ACD,AE1,1,C,C,GLY,VAL,311,314
1528,6ACD,AE1,2,C,C,VAL,ASN,525,528
1529,6ACD,AE1,3,C,C,THR,PRO,533,540
1530,6ACD,AE1,4,C,C,SER,ILE,568,573
1531,6ACD,AE1,5,C,C,ASP,ASP,560,564
1532,6ACD,AE2,1,C,C,GLU,ILE,341,345
1533,6ACD,AE2,2,C,C,VAL,VAL,382,389
1534,6ACD,AE2,3,C,C,TYR,SER,494,500
1535,6ACD,AE2,4,C,C,CYS,ASN,419,424
1536,6ACD,AE2,5,C,C,THR,CYS,363,366
1537,6ACD,AE3,1,C,C,LYS,ARG,439,441
1538,6ACD,AE3,2,C,C,LEU,ASP,478,480
1539,6ACD,AE4,1,C,C,ILE,ILE,650,652
1540,6ACD,AE4,2,C,C,ILE,ALA,656,658
1541,6ACD,AE4,3,C,C,ALA,TYR,676,677
1542,6ACD,AE5,1,C,C,ILE,PRO,704,710
1543,6ACD,AE5,2,C,C,GLY,VAL,1041,1047
1544,6ACD,AE5,3,C,C,MET,ALA,1032,1038
1545,6ACD,AE6,1,C,C,THR,VAL,716,718
1546,6ACD,AE6,2,C,C,LEU,VAL,840,842
1547,6ACD,AE7,1,C,C,ALA,PHE,1069,1071
1548,6ACD,AE7,2,C,C,PHE,SER,1103,1105
1549,6ACD,AE8,1,C,C,VAL,PHE,1078,1079
1550,6ACD,AE8,2,C,C,PHE,ILE,1085,1086
1551,6ACD,AE8,3,C,C,GLN,ILE,1095,1096
1552,6Q06,AA1,1,A,A,VAL,ILE,33,35
1553,6Q06,AA1,2,A,A,LEU,VAL,100,102
1554,6Q06,AA2,1,A,A,THR,TYR,63,64
1555,6Q06,AA2,2,C,C,PHE,TYR,630,632
1556,6Q06,AA2,3,C,C,LEU,TYR,638,642
1557,6Q06,AA2,4,C,C,TYR,ARG,648,652
1558,6Q06,AA2,5,C,C,VAL,ASN,611,619
1559,6Q06,AA2,6,C,C,CYS,LEU,603,608
1560,6Q06,AA2,7,C,C,SER,GLU,373,376
1561,6Q06,AA3,1,A,A,ILE,PHE,67,75
1562,6Q06,AA3,2,A,A,GLN,PHE,319,327
1563,6Q06,AA3,3,A,A,ILE,ASP,333,338
1564,6Q06,AA4,1,A,A,ASP,TYR,83,85
1565,6Q06,AA4,2,A,A,PHE,LYS,313,317
1566,6Q06,AA4,3,A,A,PHE,ILE,116,120
1567,6Q06,AA4,4,A,A,GLU,THR,252,259
1568,6Q06,AA4,5,A,A,GLY,SER,262,267
1569,6Q06,AA4,6,A,A,PHE,LEU,279,284
1570,6Q06,AA5,1,A,A,SER,ALA,88,89
1571,6Q06,AA5,2,A,A,HIS,ILE,298,300
1572,6Q06,AA5,3,A,A,THR,HIS,206,208
1573,6Q06,AA6,1,A,A,ALA,THR,92,93
1574,6Q06,AA6,2,A,A,THR,PRO,96,97
1575,6Q06,AA7,1,A,A,LYS,GLN,110,111
1576,6Q06,AA7,2,A,A,TYR,ILE,292,295
1577,6Q06,AA7,3,A,A,PHE,GLY,147,150
1578,6Q06,AA7,4,A,A,HIS,ASP,167,174
1579,6Q06,AA7,5,A,A,LEU,PRO,179,189
1580,6Q06,AA7,6,A,A,PHE,ASN,232,244
1581,6Q06,AA8,1,A,A,THR,VAL,127,130
1582,6Q06,AA8,2,A,A,SER,ARG,133,141
1583,6Q06,AA8,3,A,A,ALA,TRP,309,310
1584,6Q06,AA9,1,A,A,VAL,ASN,153,155
1585,6Q06,AA9,2,A,A,MET,PHE,161,164
1586,6Q06,AB1,1,A,A,GLY,PHE,359,366
1587,6Q06,AB1,2,A,A,VAL,ASP,657,664
1588,6Q06,AB1,3,A,A,THR,GLY,669,675
1589,6Q06,AB1,4,A,A,GLY,LEU,712,715
1590,6Q06,AB1,5,A,A,LEU,THR,707,709
1591,6Q06,AB2,1,A,A,SER,GLU,373,376
1592,6Q06,AB2,2,A,A,CYS,LEU,603,608
1593,6Q06,AB2,3,A,A,VAL,ASN,611,619
1594,6Q06,AB2,4,A,A,TYR,ARG,648,652
1595,6Q06,AB2,5,A,A,LEU,TYR,638,642
1596,6Q06,AB2,6,A,A,PHE,TYR,630,632
1597,6Q06,AB2,7,B,B,THR,TYR,63,64
1598,6Q06,AB3,1,A,A,LYS,PHE,400,404
1599,6Q06,AB3,2,A,A,SER,SER,440,447
1600,6Q06,AB3,3,A,A,GLN,GLN,568,576
1601,6Q06,AB3,4,A,A,THR,THR,477,483
1602,6Q06,AB3,5,A,A,SER,SER,419,426
1603,6Q06,AB4,1,A,A,CYS,TYR,407,409
1604,6Q06,AB4,2,A,A,VAL,PRO,584,586
1605,6Q06,AB5,1,A,A,GLU,PRO,513,515
1606,6Q06,AB5,2,A,A,LYS,LEU,496,506
1607,6Q06,AB5,3,A,A,TRP,ALA,553,562
1608,6Q06,AB5,4,A,A,TYR,GLN,540,544
1609,6Q06,AB6,1,A,A,LEU,VAL,717,724
1610,6Q06,AB6,2,A,A,MET,ILE,757,762
1611,6Q06,AB6,3,A,A,LEU,LEU,735,738
1612,6Q06,AB6,4,A,A,PRO,GLY,730,732
1613,6Q06,AB7,1,A,A,ILE,GLN,768,769
1614,6Q06,AB7,2,B,B,GLN,SER,857,858
1615,6Q06,AB8,1,A,A,PHE,GLU,1191,1195
1616,6Q06,AB8,2,A,A,SER,GLY,1185,1188
1617,6Q06,AB8,3,A,A,GLY,ILE,1170,1173
1618,6Q06,AB8,4,A,A,ILE,ALA,1147,1152
1619,6Q06,AB8,5,A,A,PHE,ILE,778,782
1620,6Q06,AB8,6,B,B,PHE,ALA,967,969
1621,6Q06,AB9,1,A,A,ASN,GLN,785,796
1622,6Q06,AB9,2,A,A,GLY,SER,1133,1144
1623,6Q06,AB9,3,A,A,THR,ALA,1121,1130
1624,6Q06,AC1,1,A,A,LYS,VAL,801,804
1625,6Q06,AC1,2,A,A,TYR,LEU,932,935
1626,6Q06,AC2,1,A,A,GLN,SER,857,858
1627,6Q06,AC2,2,C,C,ILE,GLN,768,769
1628,6Q06,AC3,1,A,A,PHE,ALA,967,969
1629,6Q06,AC3,2,C,C,PHE,ILE,778,782
1630,6Q06,AC3,3,C,C,ILE,ALA,1147,1152
1631,6Q06,AC3,4,C,C,GLY,ILE,1170,1173
1632,6Q06,AC3,5,C,C,SER,GLY,1185,1188
1633,6Q06,AC3,6,C,C,PHE,GLU,1191,1195
1634,6Q06,AC4,1,A,A,THR,VAL,1202,1205
1635,6Q06,AC4,2,A,A,CYS,PRO,1164,1167
1636,6Q06,AC4,3,A,A,LEU,ASP,1155,1157
1637,6Q06,AC4,4,A,A,GLN,ILE,1212,1214
1638,6Q06,AC5,1,B,B,VAL,ILE,33,35
1639,6Q06,AC5,2,B,B,LEU,VAL,100,102
1640,6Q06,AC6,1,B,B,ILE,PHE,67,75
1641,6Q06,AC6,2,B,B,GLN,PHE,319,327
1642,6Q06,AC6,3,B,B,ILE,ASP,333,338
1643,6Q06,AC7,1,B,B,ASP,TYR,83,85
1644,6Q06,AC7,2,B,B,PHE,LYS,313,317
1645,6Q06,AC7,3,B,B,PHE,ILE,116,120
1646,6Q06,AC7,4,B,B,GLU,THR,252,259
1647,6Q06,AC7,5,B,B,GLY,SER,262,267
1648,6Q06,AC7,6,B,B,PHE,LEU,279,284
1649,6Q06,AC8,1,B,B,SER,ALA,88,89
1650,6Q06,AC8,2,B,B,HIS,ILE,298,300
1651,6Q06,AC8,3,B,B,THR,HIS,206,208
1652,6Q06,AC9,1,B,B,ALA,THR,92,93
1653,6Q06,AC9,2,B,B,THR,PRO,96,97
1654,6Q06,AD1,1,B,B,LYS,GLN,110,111
1655,6Q06,AD1,2,B,B,TYR,ILE,292,295
1656,6Q06,AD1,3,B,B,PHE,GLY,147,150
1657,6Q06,AD1,4,B,B,HIS,ASP,167,174
1658,6Q06,AD1,5,B,B,LEU,PRO,179,189
1659,6Q06,AD1,6,B,B,PHE,ASN,232,244
1660,6Q06,AD2,1,B,B,THR,VAL,127,130
1661,6Q06,AD2,2,B,B,SER,ARG,133,141
1662,6Q06,AD2,3,B,B,ALA,TRP,309,310
1663,6Q06,AD3,1,B,B,VAL,ASN,153,155
1664,6Q06,AD3,2,B,B,MET,PHE,161,164
1665,6Q06,AD4,1,B,B,GLY,PHE,359,366
1666,6Q06,AD4,2,B,B,VAL,ASP,657,664
1667,6Q06,AD4,3,B,B,THR,GLY,669,675
1668,6Q06,AD4,4,B,B,GLY,LEU,712,715
1669,6Q06,AD4,5,B,B,LEU,THR,707,709
1670,6Q06,AD5,1,B,B,SER,GLU,373,376
1671,6Q06,AD5,2,B,B,CYS,LEU,603,608
1672,6Q06,AD5,3,B,B,VAL,ASN,611,619
1673,6Q06,AD5,4,B,B,TYR,ARG,648,652
1674,6Q06,AD5,5,B,B,LEU,TYR,638,642
1675,6Q06,AD5,6,B,B,PHE,TYR,630,632
1676,6Q06,AD5,7,C,C,THR,TYR,63,64
1677,6Q06,AD6,1,B,B,LYS,PHE,400,404
1678,6Q06,AD6,2,B,B,SER,SER,440,447
1679,6Q06,AD6,3,B,B,GLN,GLN,568,576
1680,6Q06,AD6,4,B,B,THR,THR,477,483
1681,6Q06,AD6,5,B,B,SER,SER,419,426
1682,6Q06,AD7,1,B,B,CYS,TYR,407,409
1683,6Q06,AD7,2,B,B,VAL,PRO,584,586
1684,6Q06,AD8,1,B,B,GLU,PRO,513,515
1685,6Q06,AD8,2,B,B,LYS,LEU,496,506
1686,6Q06,AD8,3,B,B,TRP,ALA,553,562
1687,6Q06,AD8,4,B,B,TYR,GLN,540,544
1688,6Q06,AD9,1,B,B,LEU,VAL,717,724
1689,6Q06,AD9,2,B,B,MET,ILE,757,762
1690,6Q06,AD9,3,B,B,LEU,LEU,735,738
1691,6Q06,AD9,4,B,B,PRO,GLY,730,732
1692,6Q06,AE1,1,B,B,ILE,GLN,768,769
1693,6Q06,AE1,2,C,C,GLN,SER,857,858
1694,6Q06,AE2,1,B,B,PHE,GLU,1191,1195
1695,6Q06,AE2,2,B,B,SER,GLY,1185,1188
1696,6Q06,AE2,3,B,B,GLY,ILE,1170,1173
1697,6Q06,AE2,4,B,B,ILE,ALA,1147,1152
1698,6Q06,AE2,5,B,B,PHE,ILE,778,782
1699,6Q06,AE2,6,C,C,PHE,ALA,967,969
1700,6Q06,AE3,1,B,B,ASN,GLN,785,796
1701,6Q06,AE3,2,B,B,GLY,SER,1133,1144
1702,6Q06,AE3,3,B,B,THR,ALA,1121,1130
1703,6Q06,AE4,1,B,B,LYS,VAL,801,804
1704,6Q06,AE4,2,B,B,TYR,LEU,932,935
1705,6Q06,AE5,1,B,B,THR,VAL,1202,1205
1706,6Q06,AE5,2,B,B,CYS,PRO,1164,1167
1707,6Q06,AE5,3,B,B,LEU,ASP,1155,1157
1708,6Q06,AE5,4,B,B,GLN,ILE,1212,1214
1709,6Q06,AE6,1,C,C,VAL,ILE,33,35
1710,6Q06,AE6,2,C,C,LEU,VAL,100,102
1711,6Q06,AE7,1,C,C,ILE,PHE,67,75
1712,6Q06,AE7,2,C,C,GLN,PHE,319,327
1713,6Q06,AE7,3,C,C,ILE,ASP,333,338
1714,6Q06,AE8,1,C,C,ASP,TYR,83,85
1715,6Q06,AE8,2,C,C,PHE,LYS,313,317
1716,6Q06,AE8,3,C,C,PHE,ILE,116,120
1717,6Q06,AE8,4,C,C,GLU,THR,252,259
1718,6Q06,AE8,5,C,C,GLY,SER,262,267
1719,6Q06,AE8,6,C,C,PHE,LEU,279,284
1720,6Q06,AE9,1,C,C,SER,ALA,88,89
1721,6Q06,AE9,2,C,C,HIS,ILE,298,300
1722,6Q06,AE9,3,C,C,THR,HIS,206,208
1723,6Q06,AF1,1,C,C,ALA,THR,92,93
1724,6Q06,AF1,2,C,C,THR,PRO,96,97
1725,6Q06,AF2,1,C,C,LYS,GLN,110,111
1726,6Q06,AF2,2,C,C,TYR,ILE,292,295
1727,6Q06,AF2,3,C,C,PHE,GLY,147,150
1728,6Q06,AF2,4,C,C,HIS,ASP,167,174
1729,6Q06,AF2,5,C,C,LEU,PRO,179,189
1730,6Q06,AF2,6,C,C,PHE,ASN,232,244
1731,6Q06,AF3,1,C,C,THR,VAL,127,130
1732,6Q06,AF3,2,C,C,SER,ARG,133,141
1733,6Q06,AF3,3,C,C,ALA,TRP,309,310
1734,6Q06,AF4,1,C,C,VAL,ASN,153,155
1735,6Q06,AF4,2,C,C,MET,PHE,161,164
1736,6Q06,AF5,1,C,C,GLY,PHE,359,366
1737,6Q06,AF5,2,C,C,VAL,ASP,657,664
1738,6Q06,AF5,3,C,C,THR,GLY,669,675
1739,6Q06,AF5,4,C,C,GLY,LEU,712,715
1740,6Q06,AF5,5,C,C,LEU,THR,707,709
1741,6Q06,AF6,1,C,C,LYS,PHE,400,404
1742,6Q06,AF6,2,C,C,SER,SER,440,447
1743,6Q06,AF6,3,C,C,GLN,GLN,568,576
1744,6Q06,AF6,4,C,C,THR,THR,477,483
1745,6Q06,AF6,5,C,C,SER,SER,419,426
1746,6Q06,AF7,1,C,C,CYS,TYR,407,409
1747,6Q06,AF7,2,C,C,VAL,PRO,584,586
1748,6Q06,AF8,1,C,C,GLU,PRO,513,515
1749,6Q06,AF8,2,C,C,LYS,LEU,496,506
1750,6Q06,AF8,3,C,C,TRP,ALA,553,562
1751,6Q06,AF8,4,C,C,TYR,GLN,540,544
1752,6Q06,AF9,1,C,C,LEU,VAL,717,724
1753,6Q06,AF9,2,C,C,MET,ILE,757,762
1754,6Q06,AF9,3,C,C,LEU,LEU,735,738
1755,6Q06,AF9,4,C,C,PRO,GLY,730,732
1756,6Q06,AG1,1,C,C,ASN,GLN,785,796
1757,6Q06,AG1,2,C,C,GLY,SER,1133,1144
1758,6Q06,AG1,3,C,C,THR,ALA,1121,1130
1759,6Q06,AG2,1,C,C,LYS,VAL,801,804
1760,6Q06,AG2,2,C,C,TYR,LEU,932,935
1761,6Q06,AG3,1,C,C,THR,VAL,1202,1205
1762,6Q06,AG3,2,C,C,CYS,PRO,1164,1167
1763,6Q06,AG3,3,C,C,LEU,ASP,1155,1157
1764,6Q06,AG3,4,C,C,GLN,ILE,1212,1214
1765,6VYB,AA1,1,A,A,TYR,ASN,28,30
1766,6VYB,AA1,2,A,A,ASN,PHE,61,65
1767,6VYB,AA1,3,A,A,TYR,TYR,265,269
1768,6VYB,AA1,4,A,A,VAL,GLU,90,96
1769,6VYB,AA1,5,A,A,ASN,ILE,188,197
1770,6VYB,AA1,6,A,A,TYR,PRO,200,209
1771,6VYB,AA1,7,A,A,GLU,LEU,224,229
1772,6VYB,AA2,1,A,A,VAL,PHE,47,55
1773,6VYB,AA2,2,A,A,GLN,TYR,271,279
1774,6VYB,AA2,3,A,A,ILE,ASP,285,290
1775,6VYB,AA3,1,A,A,VAL,PRO,83,85
1776,6VYB,AA3,2,A,A,ARG,LEU,237,241
1777,6VYB,AA3,3,A,A,GLY,GLY,103,107
1778,6VYB,AA3,4,A,A,LEU,ASN,117,122
1779,6VYB,AA3,5,A,A,ASN,LYS,125,129
1780,6VYB,AA3,6,A,A,GLU,VAL,169,171
1781,6VYB,AA4,1,A,A,GLY,ARG,311,319
1782,6VYB,AA4,2,A,A,PHE,THR,592,599
1783,6VYB,AA4,3,A,A,ALA,GLN,609,613
1784,6VYB,AA4,4,A,A,GLY,ILE,648,651
1785,6VYB,AA4,5,A,A,VAL,THR,642,645
1786,6VYB,AA5,1,A,A,GLU,ARG,324,328
1787,6VYB,AA5,2,A,A,CYS,PHE,538,543
1788,6VYB,AA5,3,A,A,LEU,GLU,546,554
1789,6VYB,AA5,4,A,A,ILE,THR,584,588
1790,6VYB,AA5,5,A,A,THR,ARG,573,577
1791,6VYB,AA5,6,A,A,PHE,ARG,565,567
1792,6VYB,AA5,7,B,B,VAL,PHE,42,43
1793,6VYB,AA6,1,A,A,ASN,ILE,354,358
1794,6VYB,AA6,2,A,A,ASN,ARG,394,403
1795,6VYB,AA6,3,A,A,PRO,GLU,507,516
1796,6VYB,AA6,4,A,A,GLY,ASN,431,437
1797,6VYB,AA6,5,A,A,THR,CYS,376,379
1798,6VYB,AA7,1,A,A,CYS,VAL,361,362
1799,6VYB,AA7,2,A,A,VAL,CYS,524,525
1800,6VYB,AA7,3,A,A,CYS,PHE,391,392
1801,6VYB,AA8,1,A,A,LEU,ARG,452,454
1802,6VYB,AA8,2,A,A,LEU,SER,492,494
1803,6VYB,AA9,1,A,A,GLU,HIS,654,655
1804,6VYB,AA9,2,A,A,SER,THR,691,696
1805,6VYB,AA9,3,A,A,ILE,GLN,670,675
1806,6VYB,AA9,4,A,A,ILE,GLY,664,667
1807,6VYB,AB1,1,A,A,ALA,GLU,701,702
1808,6VYB,AB1,2,B,B,GLN,ILE,787,788
1809,6VYB,AB2,1,A,A,SER,PRO,711,728
1810,6VYB,AB2,2,A,A,GLY,ALA,1059,1078
1811,6VYB,AB2,3,A,A,TYR,ALA,1047,1056
1812,6VYB,AB3,1,A,A,SER,PRO,711,728
1813,6VYB,AB3,2,A,A,GLY,ALA,1059,1078
1814,6VYB,AB3,3,A,A,VAL,SER,1094,1097
1815,6VYB,AB3,4,A,A,TRP,THR,1102,1105
1816,6VYB,AB3,5,A,A,GLN,ILE,1113,1114
1817,6VYB,AB4,1,A,A,LYS,VAL,733,736
1818,6VYB,AB4,2,A,A,LEU,LEU,858,861
1819,6VYB,AB5,1,A,A,GLN,ILE,787,788
1820,6VYB,AB5,2,C,C,ALA,GLU,701,702
1821,6VYB,AB6,1,A,A,THR,ASN,1120,1125
1822,6VYB,AB6,2,A,A,LYS,PRO,1086,1090
1823,6VYB,AB6,3,A,A,ILE,CYS,1081,1082
1824,6VYB,AB6,4,A,A,VAL,ASN,1133,1134
1825,6VYB,AB7,1,B,B,TYR,ASN,28,30
1826,6VYB,AB7,2,B,B,ASN,PHE,61,65
1827,6VYB,AB7,3,B,B,ALA,TYR,264,269
1828,6VYB,AB7,4,B,B,GLY,GLU,89,96
1829,6VYB,AB7,5,B,B,ASN,LYS,188,195
1830,6VYB,AB7,6,B,B,PHE,PRO,201,209
1831,6VYB,AB7,7,B,B,ALA,LEU,222,229
1832,6VYB,AB7,8,B,B,VAL,TYR,36,37
1833,6VYB,AB8,1,B,B,VAL,PHE,47,55
1834,6VYB,AB8,2,B,B,GLN,TYR,271,279
1835,6VYB,AB8,3,B,B,ILE,ASP,285,290
1836,6VYB,AB9,1,B,B,VAL,PRO,83,85
1837,6VYB,AB9,2,B,B,ARG,LEU,237,241
1838,6VYB,AB9,3,B,B,GLY,GLY,103,107
1839,6VYB,AB9,4,B,B,LEU,ASN,117,122
1840,6VYB,AB9,5,B,B,ASN,LYS,125,129
1841,6VYB,AB9,6,B,B,GLU,VAL,169,171
1842,6VYB,AC1,1,B,B,GLY,ARG,311,319
1843,6VYB,AC1,2,B,B,PHE,THR,592,599
1844,6VYB,AC1,3,B,B,ALA,GLN,609,613
1845,6VYB,AC1,4,B,B,GLY,ILE,648,651
1846,6VYB,AC1,5,B,B,VAL,THR,642,645
1847,6VYB,AC2,1,B,B,SER,ARG,325,328
1848,6VYB,AC2,2,B,B,CYS,PHE,538,543
1849,6VYB,AC2,3,B,B,LEU,GLU,546,554
1850,6VYB,AC2,4,B,B,ILE,THR,584,588
1851,6VYB,AC2,5,B,B,THR,ARG,573,577
1852,6VYB,AC2,6,B,B,PHE,ARG,565,567
1853,6VYB,AC2,7,C,C,VAL,PHE,42,43
1854,6VYB,AC3,1,B,B,ASN,ILE,354,358
1855,6VYB,AC3,2,B,B,VAL,ARG,395,403
1856,6VYB,AC3,3,B,B,PRO,SER,507,514
1857,6VYB,AC3,4,B,B,GLY,ASN,431,437
1858,6VYB,AC3,5,B,B,THR,CYS,376,379
1859,6VYB,AC4,1,B,B,CYS,VAL,361,362
1860,6VYB,AC4,2,B,B,VAL,CYS,524,525
1861,6VYB,AC4,3,B,B,CYS,PHE,391,392
1862,6VYB,AC5,1,B,B,LEU,TYR,452,453
1863,6VYB,AC5,2,B,B,GLN,SER,493,494
1864,6VYB,AC6,1,B,B,GLU,HIS,654,655
1865,6VYB,AC6,2,B,B,SER,THR,691,696
1866,6VYB,AC6,3,B,B,ILE,GLN,670,675
1867,6VYB,AC6,4,B,B,ILE,GLY,664,667
1868,6VYB,AC7,1,B,B,GLU,SER,702,704
1869,6VYB,AC7,2,C,C,ILE,LYS,788,790
1870,6VYB,AC8,1,B,B,SER,PRO,711,728
1871,6VYB,AC8,2,B,B,GLY,ALA,1059,1078
1872,6VYB,AC8,3,B,B,TYR,ALA,1047,1056
1873,6VYB,AC9,1,B,B,SER,PRO,711,728
1874,6VYB,AC9,2,B,B,GLY,ALA,1059,1078
1875,6VYB,AC9,3,B,B,VAL,SER,1094,1097
1876,6VYB,AC9,4,B,B,TRP,THR,1102,1105
1877,6VYB,AC9,5,B,B,GLN,ILE,1113,1114
1878,6VYB,AD1,1,B,B,LYS,VAL,733,736
1879,6VYB,AD1,2,B,B,LEU,LEU,858,861
1880,6VYB,AD2,1,B,B,THR,ASN,1120,1125
1881,6VYB,AD2,2,B,B,LYS,PRO,1086,1090
1882,6VYB,AD2,3,B,B,ILE,CYS,1081,1082
1883,6VYB,AD2,4,B,B,VAL,ASN,1133,1134
1884,6VYB,AD3,1,C,C,TYR,ASN,28,30
1885,6VYB,AD3,2,C,C,ASN,PHE,61,65
1886,6VYB,AD3,3,C,C,TYR,TYR,265,269
1887,6VYB,AD3,4,C,C,VAL,GLU,90,96
1888,6VYB,AD3,5,C,C,ASN,ILE,188,197
1889,6VYB,AD3,6,C,C,TYR,PRO,200,209
1890,6VYB,AD3,7,C,C,ALA,PRO,222,230
1891,6VYB,AD3,8,C,C,VAL,TYR,36,37
1892,6VYB,AD4,1,C,C,VAL,PHE,47,55
1893,6VYB,AD4,2,C,C,GLN,TYR,271,279
1894,6VYB,AD4,3,C,C,ILE,ASP,285,290
1895,6VYB,AD5,1,C,C,VAL,PRO,83,85
1896,6VYB,AD5,2,C,C,ARG,LEU,237,241
1897,6VYB,AD5,3,C,C,GLY,GLY,103,107
1898,6VYB,AD5,4,C,C,LEU,ASN,117,122
1899,6VYB,AD5,5,C,C,ASN,LYS,125,129
1900,6VYB,AD5,6,C,C,GLU,VAL,169,171
1901,6VYB,AD6,1,C,C,GLY,ARG,311,319
1902,6VYB,AD6,2,C,C,PHE,THR,592,599
1903,6VYB,AD6,3,C,C,ALA,GLN,609,613
1904,6VYB,AD6,4,C,C,GLY,ILE,648,651
1905,6VYB,AD6,5,C,C,VAL,THR,642,645
1906,6VYB,AD7,1,C,C,GLU,ARG,324,328
1907,6VYB,AD7,2,C,C,CYS,PHE,538,543
1908,6VYB,AD7,3,C,C,LEU,GLU,546,554
1909,6VYB,AD7,4,C,C,ILE,THR,584,588
1910,6VYB,AD7,5,C,C,THR,ARG,573,577
1911,6VYB,AD7,6,C,C,PHE,ARG,565,567
1912,6VYB,AD8,1,C,C,ALA,SER,348,349
1913,6VYB,AD8,2,C,C,ASN,ARG,394,403
1914,6VYB,AD8,3,C,C,ASN,ILE,354,358
1915,6VYB,AD9,1,C,C,ALA,SER,348,349
1916,6VYB,AD9,2,C,C,ASN,ARG,394,403
1917,6VYB,AD9,3,C,C,PRO,GLU,507,516
1918,6VYB,AD9,4,C,C,GLY,ASN,431,437
1919,6VYB,AD9,5,C,C,THR,CYS,376,379
1920,6VYB,AE1,1,C,C,CYS,VAL,361,362
1921,6VYB,AE1,2,C,C,VAL,CYS,524,525
1922,6VYB,AE1,3,C,C,CYS,PHE,391,392
1923,6VYB,AE2,1,C,C,LEU,TYR,452,453
1924,6VYB,AE2,2,C,C,GLN,SER,493,494
1925,6VYB,AE3,1,C,C,GLU,HIS,654,655
1926,6VYB,AE3,2,C,C,SER,THR,691,696
1927,6VYB,AE3,3,C,C,ILE,GLN,670,675
1928,6VYB,AE3,4,C,C,ILE,GLY,664,667
1929,6VYB,AE4,1,C,C,SER,PRO,711,715
1930,6VYB,AE4,2,C,C,GLU,ALA,1072,1078
1931,6VYB,AE4,3,C,C,VAL,SER,1094,1097
1932,6VYB,AE4,4,C,C,TRP,THR,1102,1105
1933,6VYB,AE5,1,C,C,PHE,PRO,718,728
1934,6VYB,AE5,2,C,C,GLY,PRO,1059,1069
1935,6VYB,AE5,3,C,C,TYR,ALA,1047,1056
1936,6VYB,AE6,1,C,C,LYS,VAL,733,736
1937,6VYB,AE6,2,C,C,LEU,LEU,858,861
1938,6VYB,AE7,1,C,C,THR,ASN,1120,1125
1939,6VYB,AE7,2,C,C,LYS,PRO,1086,1090
1940,6VYB,AE7,3,C,C,ILE,CYS,1081,1082
1941,6VYB,AE7,4,C,C,VAL,ASN,1133,1134
1942,6Q07,AA1,1,A,A,VAL,ILE,33,35
1943,6Q07,AA1,2,A,A,LEU,VAL,100,102
1944,6Q07,AA2,1,A,A,THR,TYR,63,64
1945,6Q07,AA2,2,C,C,PHE,TYR,630,632
1946,6Q07,AA2,3,C,C,LEU,TYR,638,642
1947,6Q07,AA2,4,C,C,TYR,ARG,648,652
1948,6Q07,AA2,5,C,C,VAL,ASN,611,619
1949,6Q07,AA2,6,C,C,CYS,LEU,603,608
1950,6Q07,AA2,7,C,C,SER,GLU,373,376
1951,6Q07,AA3,1,A,A,ILE,PHE,67,75
1952,6Q07,AA3,2,A,A,GLN,PHE,319,327
1953,6Q07,AA3,3,A,A,ILE,ASP,333,338
1954,6Q07,AA4,1,A,A,ASP,TYR,83,85
1955,6Q07,AA4,2,A,A,PHE,LYS,313,317
1956,6Q07,AA4,3,A,A,PHE,ILE,116,120
1957,6Q07,AA4,4,A,A,GLU,THR,252,259
1958,6Q07,AA4,5,A,A,GLY,SER,262,267
1959,6Q07,AA4,6,A,A,PHE,LEU,279,284
1960,6Q07,AA5,1,A,A,SER,ALA,88,89
1961,6Q07,AA5,2,A,A,HIS,ILE,298,300
1962,6Q07,AA5,3,A,A,THR,HIS,206,208
1963,6Q07,AA6,1,A,A,ALA,THR,92,93
1964,6Q07,AA6,2,A,A,THR,PRO,96,97
1965,6Q07,AA7,1,A,A,LYS,GLN,110,111
1966,6Q07,AA7,2,A,A,TYR,ILE,292,295
1967,6Q07,AA7,3,A,A,PHE,GLY,147,150
1968,6Q07,AA7,4,A,A,HIS,ASP,167,174
1969,6Q07,AA7,5,A,A,LEU,PRO,179,189
1970,6Q07,AA7,6,A,A,PHE,ASN,232,244
1971,6Q07,AA8,1,A,A,THR,VAL,127,130
1972,6Q07,AA8,2,A,A,SER,ARG,133,141
1973,6Q07,AA8,3,A,A,ALA,TRP,309,310
1974,6Q07,AA9,1,A,A,VAL,ASN,153,155
1975,6Q07,AA9,2,A,A,MET,PHE,161,164
1976,6Q07,AB1,1,A,A,GLY,PHE,359,366
1977,6Q07,AB1,2,A,A,VAL,ASP,657,664
1978,6Q07,AB1,3,A,A,THR,GLY,669,675
1979,6Q07,AB1,4,A,A,GLY,LEU,712,715
1980,6Q07,AB1,5,A,A,LEU,THR,707,709
1981,6Q07,AB2,1,A,A,SER,GLU,373,376
1982,6Q07,AB2,2,A,A,CYS,LEU,603,608
1983,6Q07,AB2,3,A,A,VAL,ASN,611,619
1984,6Q07,AB2,4,A,A,TYR,ARG,648,652
1985,6Q07,AB2,5,A,A,LEU,TYR,638,642
1986,6Q07,AB2,6,A,A,PHE,TYR,630,632
1987,6Q07,AB2,7,B,B,THR,TYR,63,64
1988,6Q07,AB3,1,A,A,LYS,PHE,400,404
1989,6Q07,AB3,2,A,A,SER,SER,440,447
1990,6Q07,AB3,3,A,A,GLN,GLN,568,576
1991,6Q07,AB3,4,A,A,THR,THR,477,483
1992,6Q07,AB3,5,A,A,SER,SER,419,426
1993,6Q07,AB4,1,A,A,CYS,TYR,407,409
1994,6Q07,AB4,2,A,A,VAL,PRO,584,586
1995,6Q07,AB5,1,A,A,GLU,PRO,513,515
1996,6Q07,AB5,2,A,A,LYS,LEU,496,506
1997,6Q07,AB5,3,A,A,TRP,ALA,553,562
1998,6Q07,AB5,4,A,A,TYR,GLN,540,544
1999,6Q07,AB6,1,A,A,LEU,VAL,717,724
2000,6Q07,AB6,2,A,A,MET,ILE,757,762
2001,6Q07,AB6,3,A,A,LEU,LEU,735,738
2002,6Q07,AB6,4,A,A,PRO,GLY,730,732
2003,6Q07,AB7,1,A,A,ILE,GLN,768,769
2004,6Q07,AB7,2,B,B,GLN,SER,857,858
2005,6Q07,AB8,1,A,A,PHE,GLU,1191,1195
2006,6Q07,AB8,2,A,A,SER,GLY,1185,1188
2007,6Q07,AB8,3,A,A,GLY,ILE,1170,1173
2008,6Q07,AB8,4,A,A,ILE,ALA,1147,1152
2009,6Q07,AB8,5,A,A,PHE,ILE,778,782
2010,6Q07,AB8,6,B,B,PHE,ALA,967,969
2011,6Q07,AB9,1,A,A,ASN,GLN,785,796
2012,6Q07,AB9,2,A,A,GLY,SER,1133,1144
2013,6Q07,AB9,3,A,A,THR,ALA,1121,1130
2014,6Q07,AC1,1,A,A,LYS,VAL,801,804
2015,6Q07,AC1,2,A,A,TYR,LEU,932,935
2016,6Q07,AC2,1,A,A,GLN,SER,857,858
2017,6Q07,AC2,2,C,C,ILE,GLN,768,769
2018,6Q07,AC3,1,A,A,PHE,ALA,967,969
2019,6Q07,AC3,2,C,C,PHE,ILE,778,782
2020,6Q07,AC3,3,C,C,ILE,ALA,1147,1152
2021,6Q07,AC3,4,C,C,GLY,ILE,1170,1173
2022,6Q07,AC3,5,C,C,SER,GLY,1185,1188
2023,6Q07,AC3,6,C,C,PHE,GLU,1191,1195
2024,6Q07,AC4,1,A,A,THR,VAL,1202,1205
2025,6Q07,AC4,2,A,A,CYS,PRO,1164,1167
2026,6Q07,AC4,3,A,A,LEU,ASP,1155,1157
2027,6Q07,AC4,4,A,A,GLN,ILE,1212,1214
2028,6Q07,AC5,1,B,B,VAL,ILE,33,35
2029,6Q07,AC5,2,B,B,LEU,VAL,100,102
2030,6Q07,AC6,1,B,B,ILE,PHE,67,75
2031,6Q07,AC6,2,B,B,GLN,PHE,319,327
2032,6Q07,AC6,3,B,B,ILE,ASP,333,338
2033,6Q07,AC7,1,B,B,ASP,TYR,83,85
2034,6Q07,AC7,2,B,B,PHE,LYS,313,317
2035,6Q07,AC7,3,B,B,PHE,ILE,116,120
2036,6Q07,AC7,4,B,B,GLU,THR,252,259
2037,6Q07,AC7,5,B,B,GLY,SER,262,267
2038,6Q07,AC7,6,B,B,PHE,LEU,279,284
2039,6Q07,AC8,1,B,B,SER,ALA,88,89
2040,6Q07,AC8,2,B,B,HIS,ILE,298,300
2041,6Q07,AC8,3,B,B,THR,HIS,206,208
2042,6Q07,AC9,1,B,B,ALA,THR,92,93
2043,6Q07,AC9,2,B,B,THR,PRO,96,97
2044,6Q07,AD1,1,B,B,LYS,GLN,110,111
2045,6Q07,AD1,2,B,B,TYR,ILE,292,295
2046,6Q07,AD1,3,B,B,PHE,GLY,147,150
2047,6Q07,AD1,4,B,B,HIS,ASP,167,174
2048,6Q07,AD1,5,B,B,LEU,PRO,179,189
2049,6Q07,AD1,6,B,B,PHE,ASN,232,244
2050,6Q07,AD2,1,B,B,THR,VAL,127,130
2051,6Q07,AD2,2,B,B,SER,ARG,133,141
2052,6Q07,AD2,3,B,B,ALA,TRP,309,310
2053,6Q07,AD3,1,B,B,VAL,ASN,153,155
2054,6Q07,AD3,2,B,B,MET,PHE,161,164
2055,6Q07,AD4,1,B,B,GLY,PHE,359,366
2056,6Q07,AD4,2,B,B,VAL,ASP,657,664
2057,6Q07,AD4,3,B,B,THR,GLY,669,675
2058,6Q07,AD4,4,B,B,GLY,LEU,712,715
2059,6Q07,AD4,5,B,B,LEU,THR,707,709
2060,6Q07,AD5,1,B,B,SER,GLU,373,376
2061,6Q07,AD5,2,B,B,CYS,LEU,603,608
2062,6Q07,AD5,3,B,B,VAL,ASN,611,619
2063,6Q07,AD5,4,B,B,TYR,ARG,648,652
2064,6Q07,AD5,5,B,B,LEU,TYR,638,642
2065,6Q07,AD5,6,B,B,PHE,TYR,630,632
2066,6Q07,AD5,7,C,C,THR,TYR,63,64
2067,6Q07,AD6,1,B,B,LYS,PHE,400,404
2068,6Q07,AD6,2,B,B,SER,SER,440,447
2069,6Q07,AD6,3,B,B,GLN,GLN,568,576
2070,6Q07,AD6,4,B,B,THR,THR,477,483
2071,6Q07,AD6,5,B,B,SER,SER,419,426
2072,6Q07,AD7,1,B,B,CYS,TYR,407,409
2073,6Q07,AD7,2,B,B,VAL,PRO,584,586
2074,6Q07,AD8,1,B,B,GLU,PRO,513,515
2075,6Q07,AD8,2,B,B,LYS,LEU,496,506
2076,6Q07,AD8,3,B,B,TRP,ALA,553,562
2077,6Q07,AD8,4,B,B,TYR,GLN,540,544
2078,6Q07,AD9,1,B,B,LEU,VAL,717,724
2079,6Q07,AD9,2,B,B,MET,ILE,757,762
2080,6Q07,AD9,3,B,B,LEU,LEU,735,738
2081,6Q07,AD9,4,B,B,PRO,GLY,730,732
2082,6Q07,AE1,1,B,B,ILE,GLN,768,769
2083,6Q07,AE1,2,C,C,GLN,SER,857,858
2084,6Q07,AE2,1,B,B,PHE,GLU,1191,1195
2085,6Q07,AE2,2,B,B,SER,GLY,1185,1188
2086,6Q07,AE2,3,B,B,GLY,ILE,1170,1173
2087,6Q07,AE2,4,B,B,ILE,ALA,1147,1152
2088,6Q07,AE2,5,B,B,PHE,ILE,778,782
2089,6Q07,AE2,6,C,C,PHE,ALA,967,969
2090,6Q07,AE3,1,B,B,ASN,GLN,785,796
2091,6Q07,AE3,2,B,B,GLY,SER,1133,1144
2092,6Q07,AE3,3,B,B,THR,ALA,1121,1130
2093,6Q07,AE4,1,B,B,LYS,VAL,801,804
2094,6Q07,AE4,2,B,B,TYR,LEU,932,935
2095,6Q07,AE5,1,B,B,THR,VAL,1202,1205
2096,6Q07,AE5,2,B,B,CYS,PRO,1164,1167
2097,6Q07,AE5,3,B,B,LEU,ASP,1155,1157
2098,6Q07,AE5,4,B,B,GLN,ILE,1212,1214
2099,6Q07,AE6,1,C,C,VAL,ILE,33,35
2100,6Q07,AE6,2,C,C,LEU,VAL,100,102
2101,6Q07,AE7,1,C,C,ILE,PHE,67,75
2102,6Q07,AE7,2,C,C,GLN,PHE,319,327
2103,6Q07,AE7,3,C,C,ILE,ASP,333,338
2104,6Q07,AE8,1,C,C,ASP,TYR,83,85
2105,6Q07,AE8,2,C,C,PHE,LYS,313,317
2106,6Q07,AE8,3,C,C,PHE,ILE,116,120
2107,6Q07,AE8,4,C,C,GLU,THR,252,259
2108,6Q07,AE8,5,C,C,GLY,SER,262,267
2109,6Q07,AE8,6,C,C,PHE,LEU,279,284
2110,6Q07,AE9,1,C,C,SER,ALA,88,89
2111,6Q07,AE9,2,C,C,HIS,ILE,298,300
2112,6Q07,AE9,3,C,C,THR,HIS,206,208
2113,6Q07,AF1,1,C,C,ALA,THR,92,93
2114,6Q07,AF1,2,C,C,THR,PRO,96,97
2115,6Q07,AF2,1,C,C,LYS,GLN,110,111
2116,6Q07,AF2,2,C,C,TYR,ILE,292,295
2117,6Q07,AF2,3,C,C,PHE,GLY,147,150
2118,6Q07,AF2,4,C,C,HIS,ASP,167,174
2119,6Q07,AF2,5,C,C,LEU,PRO,179,189
2120,6Q07,AF2,6,C,C,PHE,ASN,232,244
2121,6Q07,AF3,1,C,C,THR,VAL,127,130
2122,6Q07,AF3,2,C,C,SER,ARG,133,141
2123,6Q07,AF3,3,C,C,ALA,TRP,309,310
2124,6Q07,AF4,1,C,C,VAL,ASN,153,155
2125,6Q07,AF4,2,C,C,MET,PHE,161,164
2126,6Q07,AF5,1,C,C,GLY,PHE,359,366
2127,6Q07,AF5,2,C,C,VAL,ASP,657,664
2128,6Q07,AF5,3,C,C,THR,GLY,669,675
2129,6Q07,AF5,4,C,C,GLY,LEU,712,715
2130,6Q07,AF5,5,C,C,LEU,THR,707,709
2131,6Q07,AF6,1,C,C,LYS,PHE,400,404
2132,6Q07,AF6,2,C,C,SER,SER,440,447
2133,6Q07,AF6,3,C,C,GLN,GLN,568,576
2134,6Q07,AF6,4,C,C,THR,THR,477,483
2135,6Q07,AF6,5,C,C,SER,SER,419,426
2136,6Q07,AF7,1,C,C,CYS,TYR,407,409
2137,6Q07,AF7,2,C,C,VAL,PRO,584,586
2138,6Q07,AF8,1,C,C,GLU,PRO,513,515
2139,6Q07,AF8,2,C,C,LYS,LEU,496,506
2140,6Q07,AF8,3,C,C,TRP,ALA,553,562
2141,6Q07,AF8,4,C,C,TYR,GLN,540,544
2142,6Q07,AF9,1,C,C,LEU,VAL,717,724
2143,6Q07,AF9,2,C,C,MET,ILE,757,762
2144,6Q07,AF9,3,C,C,LEU,LEU,735,738
2145,6Q07,AF9,4,C,C,PRO,GLY,730,732
2146,6Q07,AG1,1,C,C,ASN,GLN,785,796
2147,6Q07,AG1,2,C,C,GLY,SER,1133,1144
2148,6Q07,AG1,3,C,C,THR,ALA,1121,1130
2149,6Q07,AG2,1,C,C,LYS,VAL,801,804
2150,6Q07,AG2,2,C,C,TYR,LEU,932,935
2151,6Q07,AG3,1,C,C,THR,VAL,1202,1205
2152,6Q07,AG3,2,C,C,CYS,PRO,1164,1167
2153,6Q07,AG3,3,C,C,LEU,ASP,1155,1157
2154,6Q07,AG3,4,C,C,GLN,ILE,1212,1214
2155,6Q05,AA1,1,A,A,VAL,ILE,33,35
2156,6Q05,AA1,2,A,A,LEU,VAL,100,102
2157,6Q05,AA2,1,A,A,THR,TYR,63,64
2158,6Q05,AA2,2,C,C,PHE,TYR,630,632
2159,6Q05,AA2,3,C,C,LEU,TYR,638,642
2160,6Q05,AA2,4,C,C,TYR,ARG,648,652
2161,6Q05,AA2,5,C,C,VAL,ASN,611,619
2162,6Q05,AA2,6,C,C,CYS,LEU,603,608
2163,6Q05,AA2,7,C,C,SER,GLU,373,376
2164,6Q05,AA3,1,A,A,ILE,PHE,67,75
2165,6Q05,AA3,2,A,A,GLN,PHE,319,327
2166,6Q05,AA3,3,A,A,ILE,ASP,333,338
2167,6Q05,AA4,1,A,A,ASP,TYR,83,85
2168,6Q05,AA4,2,A,A,PHE,LYS,313,317
2169,6Q05,AA4,3,A,A,PHE,ILE,116,120
2170,6Q05,AA4,4,A,A,GLU,THR,252,259
2171,6Q05,AA4,5,A,A,GLY,SER,262,267
2172,6Q05,AA4,6,A,A,PHE,LEU,279,284
2173,6Q05,AA5,1,A,A,SER,ALA,88,89
2174,6Q05,AA5,2,A,A,HIS,ILE,298,300
2175,6Q05,AA5,3,A,A,THR,HIS,206,208
2176,6Q05,AA6,1,A,A,ALA,THR,92,93
2177,6Q05,AA6,2,A,A,THR,PRO,96,97
2178,6Q05,AA7,1,A,A,LYS,GLN,110,111
2179,6Q05,AA7,2,A,A,TYR,ILE,292,295
2180,6Q05,AA7,3,A,A,PHE,GLY,147,150
2181,6Q05,AA7,4,A,A,HIS,ASP,167,174
2182,6Q05,AA7,5,A,A,LEU,PRO,179,189
2183,6Q05,AA7,6,A,A,PHE,ASN,232,244
2184,6Q05,AA8,1,A,A,THR,VAL,127,130
2185,6Q05,AA8,2,A,A,SER,ARG,133,141
2186,6Q05,AA8,3,A,A,ALA,TRP,309,310
2187,6Q05,AA9,1,A,A,VAL,ASN,153,155
2188,6Q05,AA9,2,A,A,MET,PHE,161,164
2189,6Q05,AB1,1,A,A,GLY,PHE,359,366
2190,6Q05,AB1,2,A,A,VAL,ASP,657,664
2191,6Q05,AB1,3,A,A,THR,GLY,669,675
2192,6Q05,AB1,4,A,A,GLY,LEU,712,715
2193,6Q05,AB1,5,A,A,LEU,THR,707,709
2194,6Q05,AB2,1,A,A,SER,GLU,373,376
2195,6Q05,AB2,2,A,A,CYS,LEU,603,608
2196,6Q05,AB2,3,A,A,VAL,ASN,611,619
2197,6Q05,AB2,4,A,A,TYR,ARG,648,652
2198,6Q05,AB2,5,A,A,LEU,TYR,638,642
2199,6Q05,AB2,6,A,A,PHE,TYR,630,632
2200,6Q05,AB2,7,B,B,THR,TYR,63,64
2201,6Q05,AB3,1,A,A,LYS,PHE,400,404
2202,6Q05,AB3,2,A,A,SER,SER,440,447
2203,6Q05,AB3,3,A,A,GLN,GLN,568,576
2204,6Q05,AB3,4,A,A,THR,THR,477,483
2205,6Q05,AB3,5,A,A,SER,SER,419,426
2206,6Q05,AB4,1,A,A,CYS,TYR,407,409
2207,6Q05,AB4,2,A,A,VAL,PRO,584,586
2208,6Q05,AB5,1,A,A,GLU,PRO,513,515
2209,6Q05,AB5,2,A,A,LYS,LEU,496,506
2210,6Q05,AB5,3,A,A,TRP,ALA,553,562
2211,6Q05,AB5,4,A,A,TYR,GLN,540,544
2212,6Q05,AB6,1,A,A,LEU,VAL,717,724
2213,6Q05,AB6,2,A,A,MET,ILE,757,762
2214,6Q05,AB6,3,A,A,LEU,LEU,735,738
2215,6Q05,AB6,4,A,A,PRO,GLY,730,732
2216,6Q05,AB7,1,A,A,ILE,GLN,768,769
2217,6Q05,AB7,2,B,B,GLN,SER,857,858
2218,6Q05,AB8,1,A,A,PHE,GLU,1191,1195
2219,6Q05,AB8,2,A,A,SER,GLY,1185,1188
2220,6Q05,AB8,3,A,A,GLY,ILE,1170,1173
2221,6Q05,AB8,4,A,A,ILE,ALA,1147,1152
2222,6Q05,AB8,5,A,A,PHE,ILE,778,782
2223,6Q05,AB8,6,B,B,PHE,ALA,967,969
2224,6Q05,AB9,1,A,A,ASN,GLN,785,796
2225,6Q05,AB9,2,A,A,GLY,SER,1133,1144
2226,6Q05,AB9,3,A,A,THR,ALA,1121,1130
2227,6Q05,AC1,1,A,A,LYS,VAL,801,804
2228,6Q05,AC1,2,A,A,TYR,LEU,932,935
2229,6Q05,AC2,1,A,A,GLN,SER,857,858
2230,6Q05,AC2,2,C,C,ILE,GLN,768,769
2231,6Q05,AC3,1,A,A,PHE,ALA,967,969
2232,6Q05,AC3,2,C,C,PHE,ILE,778,782
2233,6Q05,AC3,3,C,C,ILE,ALA,1147,1152
2234,6Q05,AC3,4,C,C,GLY,ILE,1170,1173
2235,6Q05,AC3,5,C,C,SER,GLY,1185,1188
2236,6Q05,AC3,6,C,C,PHE,GLU,1191,1195
2237,6Q05,AC4,1,A,A,THR,VAL,1202,1205
2238,6Q05,AC4,2,A,A,CYS,PRO,1164,1167
2239,6Q05,AC4,3,A,A,LEU,ASP,1155,1157
2240,6Q05,AC4,4,A,A,GLN,ILE,1212,1214
2241,6Q05,AC5,1,B,B,VAL,ILE,33,35
2242,6Q05,AC5,2,B,B,LEU,VAL,100,102
2243,6Q05,AC6,1,B,B,ILE,PHE,67,75
2244,6Q05,AC6,2,B,B,GLN,PHE,319,327
2245,6Q05,AC6,3,B,B,ILE,ASP,333,338
2246,6Q05,AC7,1,B,B,ASP,TYR,83,85
2247,6Q05,AC7,2,B,B,PHE,LYS,313,317
2248,6Q05,AC7,3,B,B,PHE,ILE,116,120
2249,6Q05,AC7,4,B,B,GLU,THR,252,259
2250,6Q05,AC7,5,B,B,GLY,SER,262,267
2251,6Q05,AC7,6,B,B,PHE,LEU,279,284
2252,6Q05,AC8,1,B,B,SER,ALA,88,89
2253,6Q05,AC8,2,B,B,HIS,ILE,298,300
2254,6Q05,AC8,3,B,B,THR,HIS,206,208
2255,6Q05,AC9,1,B,B,ALA,THR,92,93
2256,6Q05,AC9,2,B,B,THR,PRO,96,97
2257,6Q05,AD1,1,B,B,LYS,GLN,110,111
2258,6Q05,AD1,2,B,B,TYR,ILE,292,295
2259,6Q05,AD1,3,B,B,PHE,GLY,147,150
2260,6Q05,AD1,4,B,B,HIS,ASP,167,174
2261,6Q05,AD1,5,B,B,LEU,PRO,179,189
2262,6Q05,AD1,6,B,B,PHE,ASN,232,244
2263,6Q05,AD2,1,B,B,THR,VAL,127,130
2264,6Q05,AD2,2,B,B,SER,ARG,133,141
2265,6Q05,AD2,3,B,B,ALA,TRP,309,310
2266,6Q05,AD3,1,B,B,VAL,ASN,153,155
2267,6Q05,AD3,2,B,B,MET,PHE,161,164
2268,6Q05,AD4,1,B,B,GLY,PHE,359,366
2269,6Q05,AD4,2,B,B,VAL,ASP,657,664
2270,6Q05,AD4,3,B,B,THR,GLY,669,675
2271,6Q05,AD4,4,B,B,GLY,LEU,712,715
2272,6Q05,AD4,5,B,B,LEU,THR,707,709
2273,6Q05,AD5,1,B,B,SER,GLU,373,376
2274,6Q05,AD5,2,B,B,CYS,LEU,603,608
2275,6Q05,AD5,3,B,B,VAL,ASN,611,619
2276,6Q05,AD5,4,B,B,TYR,ARG,648,652
2277,6Q05,AD5,5,B,B,LEU,TYR,638,642
2278,6Q05,AD5,6,B,B,PHE,TYR,630,632
2279,6Q05,AD5,7,C,C,THR,TYR,63,64
2280,6Q05,AD6,1,B,B,LYS,PHE,400,404
2281,6Q05,AD6,2,B,B,SER,SER,440,447
2282,6Q05,AD6,3,B,B,GLN,GLN,568,576
2283,6Q05,AD6,4,B,B,THR,THR,477,483
2284,6Q05,AD6,5,B,B,SER,SER,419,426
2285,6Q05,AD7,1,B,B,CYS,TYR,407,409
2286,6Q05,AD7,2,B,B,VAL,PRO,584,586
2287,6Q05,AD8,1,B,B,GLU,PRO,513,515
2288,6Q05,AD8,2,B,B,LYS,LEU,496,506
2289,6Q05,AD8,3,B,B,TRP,ALA,553,562
2290,6Q05,AD8,4,B,B,TYR,GLN,540,544
2291,6Q05,AD9,1,B,B,LEU,VAL,717,724
2292,6Q05,AD9,2,B,B,MET,ILE,757,762
2293,6Q05,AD9,3,B,B,LEU,LEU,735,738
2294,6Q05,AD9,4,B,B,PRO,GLY,730,732
2295,6Q05,AE1,1,B,B,ILE,GLN,768,769
2296,6Q05,AE1,2,C,C,GLN,SER,857,858
2297,6Q05,AE2,1,B,B,PHE,GLU,1191,1195
2298,6Q05,AE2,2,B,B,SER,GLY,1185,1188
2299,6Q05,AE2,3,B,B,GLY,ILE,1170,1173
2300,6Q05,AE2,4,B,B,ILE,ALA,1147,1152
2301,6Q05,AE2,5,B,B,PHE,ILE,778,782
2302,6Q05,AE2,6,C,C,PHE,ALA,967,969
2303,6Q05,AE3,1,B,B,ASN,GLN,785,796
2304,6Q05,AE3,2,B,B,GLY,SER,1133,1144
2305,6Q05,AE3,3,B,B,THR,ALA,1121,1130
2306,6Q05,AE4,1,B,B,LYS,VAL,801,804
2307,6Q05,AE4,2,B,B,TYR,LEU,932,935
2308,6Q05,AE5,1,B,B,THR,VAL,1202,1205
2309,6Q05,AE5,2,B,B,CYS,PRO,1164,1167
2310,6Q05,AE5,3,B,B,LEU,ASP,1155,1157
2311,6Q05,AE5,4,B,B,GLN,ILE,1212,1214
2312,6Q05,AE6,1,C,C,VAL,ILE,33,35
2313,6Q05,AE6,2,C,C,LEU,VAL,100,102
2314,6Q05,AE7,1,C,C,ILE,PHE,67,75
2315,6Q05,AE7,2,C,C,GLN,PHE,319,327
2316,6Q05,AE7,3,C,C,ILE,ASP,333,338
2317,6Q05,AE8,1,C,C,ASP,TYR,83,85
2318,6Q05,AE8,2,C,C,PHE,LYS,313,317
2319,6Q05,AE8,3,C,C,PHE,ILE,116,120
2320,6Q05,AE8,4,C,C,GLU,THR,252,259
2321,6Q05,AE8,5,C,C,GLY,SER,262,267
2322,6Q05,AE8,6,C,C,PHE,LEU,279,284
2323,6Q05,AE9,1,C,C,SER,ALA,88,89
2324,6Q05,AE9,2,C,C,HIS,ILE,298,300
2325,6Q05,AE9,3,C,C,THR,HIS,206,208
2326,6Q05,AF1,1,C,C,ALA,THR,92,93
2327,6Q05,AF1,2,C,C,THR,PRO,96,97
2328,6Q05,AF2,1,C,C,LYS,GLN,110,111
2329,6Q05,AF2,2,C,C,TYR,ILE,292,295
2330,6Q05,AF2,3,C,C,PHE,GLY,147,150
2331,6Q05,AF2,4,C,C,HIS,ASP,167,174
2332,6Q05,AF2,5,C,C,LEU,PRO,179,189
2333,6Q05,AF2,6,C,C,PHE,ASN,232,244
2334,6Q05,AF3,1,C,C,THR,VAL,127,130
2335,6Q05,AF3,2,C,C,SER,ARG,133,141
2336,6Q05,AF3,3,C,C,ALA,TRP,309,310
2337,6Q05,AF4,1,C,C,VAL,ASN,153,155
2338,6Q05,AF4,2,C,C,MET,PHE,161,164
2339,6Q05,AF5,1,C,C,GLY,PHE,359,366
2340,6Q05,AF5,2,C,C,VAL,ASP,657,664
2341,6Q05,AF5,3,C,C,THR,GLY,669,675
2342,6Q05,AF5,4,C,C,GLY,LEU,712,715
2343,6Q05,AF5,5,C,C,LEU,THR,707,709
2344,6Q05,AF6,1,C,C,LYS,PHE,400,404
2345,6Q05,AF6,2,C,C,SER,SER,440,447
2346,6Q05,AF6,3,C,C,GLN,GLN,568,576
2347,6Q05,AF6,4,C,C,THR,THR,477,483
2348,6Q05,AF6,5,C,C,SER,SER,419,426
2349,6Q05,AF7,1,C,C,CYS,TYR,407,409
2350,6Q05,AF7,2,C,C,VAL,PRO,584,586
2351,6Q05,AF8,1,C,C,GLU,PRO,513,515
2352,6Q05,AF8,2,C,C,LYS,LEU,496,506
2353,6Q05,AF8,3,C,C,TRP,ALA,553,562
2354,6Q05,AF8,4,C,C,TYR,GLN,540,544
2355,6Q05,AF9,1,C,C,LEU,VAL,717,724
2356,6Q05,AF9,2,C,C,MET,ILE,757,762
2357,6Q05,AF9,3,C,C,LEU,LEU,735,738
2358,6Q05,AF9,4,C,C,PRO,GLY,730,732
2359,6Q05,AG1,1,C,C,ASN,GLN,785,796
2360,6Q05,AG1,2,C,C,GLY,SER,1133,1144
2361,6Q05,AG1,3,C,C,THR,ALA,1121,1130
2362,6Q05,AG2,1,C,C,LYS,VAL,801,804
2363,6Q05,AG2,2,C,C,TYR,LEU,932,935
2364,6Q05,AG3,1,C,C,THR,VAL,1202,1205
2365,6Q05,AG3,2,C,C,CYS,PRO,1164,1167
2366,6Q05,AG3,3,C,C,LEU,ASP,1155,1157
2367,6Q05,AG3,4,C,C,GLN,ILE,1212,1214
2368,6ACC,AA1,1,A,A,THR,THR,31,34
2369,6ACC,AA1,2,A,A,ASN,THR,65,71
2370,6ACC,AA1,3,A,A,ALA,TYR,250,256
2371,6ACC,AA1,4,A,A,ILE,GLU,87,93
2372,6ACC,AA1,5,A,A,HIS,LYS,181,190
2373,6ACC,AA1,6,A,A,PHE,LYS,193,198
2374,6ACC,AA1,7,A,A,LYS,LEU,217,222
2375,6ACC,AA2,1,A,A,LEU,PHE,52,59
2376,6ACC,AA2,2,A,A,LYS,TYR,258,266
2377,6ACC,AA2,3,A,A,ILE,ASP,272,277
2378,6ACC,AA3,1,A,A,ILE,PRO,81,82
2379,6ACC,AA3,2,A,A,ASN,ALA,230,233
2380,6ACC,AA3,3,A,A,TRP,GLY,101,104
2381,6ACC,AA3,4,A,A,GLN,ASN,112,118
2382,6ACC,AA3,5,A,A,VAL,ASN,123,129
2383,6ACC,AA3,6,A,A,PHE,ILE,161,164
2384,6ACC,AA4,1,A,A,PHE,SER,138,141
2385,6ACC,AA4,2,A,A,THR,SER,236,239
2386,6ACC,AA5,1,A,A,GLY,GLN,298,301
2387,6ACC,AA5,2,A,A,SER,THR,582,585
2388,6ACC,AA5,3,A,A,ALA,LEU,595,597
2389,6ACC,AA5,4,A,A,LEU,ILE,636,637
2390,6ACC,AA5,5,A,A,ASN,VAL,627,628
2391,6ACC,AA6,1,A,A,VAL,VAL,313,314
2392,6ACC,AA6,2,A,A,CYS,ASN,524,528
2393,6ACC,AA6,3,A,A,THR,PRO,533,540
2394,6ACC,AA6,4,A,A,ILE,ILE,570,573
2395,6ACC,AA7,1,A,A,GLU,ILE,341,345
2396,6ACC,AA7,2,A,A,VAL,VAL,382,389
2397,6ACC,AA7,3,A,A,TYR,SER,494,500
2398,6ACC,AA7,4,A,A,CYS,ASN,419,424
2399,6ACC,AA7,5,A,A,THR,CYS,363,366
2400,6ACC,AA8,1,A,A,LYS,ARG,439,441
2401,6ACC,AA8,2,A,A,LEU,ASP,478,480
2402,6ACC,AA9,1,A,A,ILE,PRO,650,651
2403,6ACC,AA9,2,A,A,CYS,ALA,657,658
2404,6ACC,AA9,3,A,A,ALA,TYR,676,677
2405,6ACC,AB1,1,A,A,ALA,ASP,683,684
2406,6ACC,AB1,2,C,C,GLN,MET,769,770
2407,6ACC,AB2,1,A,A,SER,MET,701,709
2408,6ACC,AB2,2,A,A,GLY,VAL,1041,1050
2409,6ACC,AB2,3,A,A,MET,ALA,1032,1038
2410,6ACC,AB3,1,A,A,THR,VAL,716,718
2411,6ACC,AB3,2,A,A,LEU,VAL,840,842
2412,6ACC,AB4,1,A,A,GLN,MET,769,770
2413,6ACC,AB4,2,B,B,ALA,ASP,683,684
2414,6ACC,AB5,1,A,A,ILE,CYS,1063,1064
2415,6ACC,AB5,2,A,A,ALA,PHE,1069,1071
2416,6ACC,AB5,3,A,A,PHE,SER,1103,1105
2417,6ACC,AB6,1,A,A,VAL,PHE,1078,1079
2418,6ACC,AB6,2,A,A,PHE,ILE,1085,1086
2419,6ACC,AB6,3,A,A,GLN,ILE,1095,1096
2420,6ACC,AB7,1,B,B,THR,THR,31,34
2421,6ACC,AB7,2,B,B,ASN,THR,65,71
2422,6ACC,AB7,3,B,B,ALA,TYR,250,256
2423,6ACC,AB7,4,B,B,ILE,GLU,87,93
2424,6ACC,AB7,5,B,B,HIS,LYS,181,190
2425,6ACC,AB7,6,B,B,PHE,LYS,193,198
2426,6ACC,AB7,7,B,B,LYS,LEU,217,222
2427,6ACC,AB8,1,B,B,LEU,PHE,52,59
2428,6ACC,AB8,2,B,B,LYS,TYR,258,266
2429,6ACC,AB8,3,B,B,ILE,ASP,272,277
2430,6ACC,AB9,1,B,B,ILE,PRO,81,82
2431,6ACC,AB9,2,B,B,ASN,ALA,230,233
2432,6ACC,AB9,3,B,B,TRP,GLY,101,104
2433,6ACC,AB9,4,B,B,GLN,ASN,112,118
2434,6ACC,AB9,5,B,B,VAL,ASN,123,129
2435,6ACC,AB9,6,B,B,PHE,ILE,161,164
2436,6ACC,AC1,1,B,B,PHE,SER,138,141
2437,6ACC,AC1,2,B,B,THR,SER,236,239
2438,6ACC,AC2,1,B,B,GLY,GLN,298,301
2439,6ACC,AC2,2,B,B,SER,THR,582,585
2440,6ACC,AC2,3,B,B,ALA,LEU,595,597
2441,6ACC,AC2,4,B,B,LEU,ILE,636,637
2442,6ACC,AC2,5,B,B,ASN,VAL,627,628
2443,6ACC,AC3,1,B,B,VAL,VAL,313,314
2444,6ACC,AC3,2,B,B,CYS,ASN,524,528
2445,6ACC,AC3,3,B,B,THR,PRO,533,540
2446,6ACC,AC3,4,B,B,ILE,ILE,570,573
2447,6ACC,AC4,1,B,B,GLU,ILE,341,345
2448,6ACC,AC4,2,B,B,VAL,VAL,382,389
2449,6ACC,AC4,3,B,B,TYR,SER,494,500
2450,6ACC,AC4,4,B,B,CYS,ASN,419,424
2451,6ACC,AC4,5,B,B,THR,CYS,363,366
2452,6ACC,AC5,1,B,B,LYS,ARG,439,441
2453,6ACC,AC5,2,B,B,LEU,ASP,478,480
2454,6ACC,AC6,1,B,B,ILE,PRO,650,651
2455,6ACC,AC6,2,B,B,CYS,ALA,657,658
2456,6ACC,AC6,3,B,B,ALA,TYR,676,677
2457,6ACC,AC7,1,B,B,SER,MET,701,709
2458,6ACC,AC7,2,B,B,GLY,VAL,1041,1050
2459,6ACC,AC7,3,B,B,MET,ALA,1032,1038
2460,6ACC,AC8,1,B,B,THR,VAL,716,718
2461,6ACC,AC8,2,B,B,LEU,VAL,840,842
2462,6ACC,AC9,1,B,B,GLN,MET,769,770
2463,6ACC,AC9,2,C,C,ALA,ASP,683,684
2464,6ACC,AD1,1,B,B,ILE,CYS,1063,1064
2465,6ACC,AD1,2,B,B,ALA,PHE,1069,1071
2466,6ACC,AD1,3,B,B,PHE,SER,1103,1105
2467,6ACC,AD2,1,B,B,VAL,PHE,1078,1079
2468,6ACC,AD2,2,B,B,PHE,ILE,1085,1086
2469,6ACC,AD2,3,B,B,GLN,ILE,1095,1096
2470,6ACC,AD3,1,C,C,THR,THR,31,34
2471,6ACC,AD3,2,C,C,ASN,THR,65,71
2472,6ACC,AD3,3,C,C,ALA,TYR,250,256
2473,6ACC,AD3,4,C,C,ILE,GLU,87,93
2474,6ACC,AD3,5,C,C,HIS,LYS,181,190
2475,6ACC,AD3,6,C,C,PHE,LYS,193,198
2476,6ACC,AD3,7,C,C,LYS,LEU,217,222
2477,6ACC,AD4,1,C,C,LEU,PHE,52,59
2478,6ACC,AD4,2,C,C,LYS,TYR,258,266
2479,6ACC,AD4,3,C,C,ILE,ASP,272,277
2480,6ACC,AD5,1,C,C,ILE,PRO,81,82
2481,6ACC,AD5,2,C,C,ASN,ALA,230,233
2482,6ACC,AD5,3,C,C,TRP,GLY,101,104
2483,6ACC,AD5,4,C,C,GLN,ASN,112,118
2484,6ACC,AD5,5,C,C,VAL,ASN,123,129
2485,6ACC,AD5,6,C,C,PHE,ILE,161,164
2486,6ACC,AD6,1,C,C,PHE,SER,138,141
2487,6ACC,AD6,2,C,C,THR,SER,236,239
2488,6ACC,AD7,1,C,C,GLY,GLN,298,301
2489,6ACC,AD7,2,C,C,SER,THR,582,585
2490,6ACC,AD7,3,C,C,ALA,LEU,595,597
2491,6ACC,AD7,4,C,C,LEU,ILE,636,637
2492,6ACC,AD7,5,C,C,ASN,VAL,627,628
2493,6ACC,AD8,1,C,C,VAL,VAL,313,314
2494,6ACC,AD8,2,C,C,CYS,ASN,524,528
2495,6ACC,AD8,3,C,C,THR,PRO,533,540
2496,6ACC,AD8,4,C,C,ILE,ILE,570,573
2497,6ACC,AD9,1,C,C,GLU,ILE,341,345
2498,6ACC,AD9,2,C,C,VAL,VAL,382,389
2499,6ACC,AD9,3,C,C,TYR,SER,494,500
2500,6ACC,AD9,4,C,C,CYS,ASN,419,424
2501,6ACC,AD9,5,C,C,THR,CYS,363,366
2502,6ACC,AE1,1,C,C,LYS,ARG,439,441
2503,6ACC,AE1,2,C,C,LEU,ASP,478,480
2504,6ACC,AE2,1,C,C,ILE,PRO,650,651
2505,6ACC,AE2,2,C,C,CYS,ALA,657,658
2506,6ACC,AE2,3,C,C,ALA,TYR,676,677
2507,6ACC,AE3,1,C,C,SER,MET,701,709
2508,6ACC,AE3,2,C,C,GLY,VAL,1041,1050
2509,6ACC,AE3,3,C,C,MET,ALA,1032,1038
2510,6ACC,AE4,1,C,C,THR,VAL,716,718
2511,6ACC,AE4,2,C,C,LEU,VAL,840,842
2512,6ACC,AE5,1,C,C,ILE,CYS,1063,1064
2513,6ACC,AE5,2,C,C,ALA,PHE,1069,1071
2514,6ACC,AE5,3,C,C,PHE,SER,1103,1105
2515,6ACC,AE6,1,C,C,VAL,PHE,1078,1079
2516,6ACC,AE6,2,C,C,PHE,ILE,1085,1086
2517,6ACC,AE6,3,C,C,GLN,ILE,1095,1096
2518,6Q04,AA1,1,A,A,VAL,ILE,33,35
2519,6Q04,AA1,2,A,A,LEU,VAL,100,102
2520,6Q04,AA2,1,A,A,THR,TYR,63,64
2521,6Q04,AA2,2,C,C,PHE,TYR,630,632
2522,6Q04,AA2,3,C,C,LEU,TYR,638,642
2523,6Q04,AA2,4,C,C,TYR,ARG,648,652
2524,6Q04,AA2,5,C,C,VAL,ASN,611,619
2525,6Q04,AA2,6,C,C,CYS,LEU,603,608
2526,6Q04,AA2,7,C,C,SER,GLU,373,376
2527,6Q04,AA3,1,A,A,ILE,PHE,67,75
2528,6Q04,AA3,2,A,A,GLN,PHE,319,327
2529,6Q04,AA3,3,A,A,ILE,ASP,333,338
2530,6Q04,AA4,1,A,A,ASP,TYR,83,85
2531,6Q04,AA4,2,A,A,PHE,LYS,313,317
2532,6Q04,AA4,3,A,A,PHE,ILE,116,120
2533,6Q04,AA4,4,A,A,GLU,THR,252,259
2534,6Q04,AA4,5,A,A,GLY,SER,262,267
2535,6Q04,AA4,6,A,A,PHE,LEU,279,284
2536,6Q04,AA5,1,A,A,SER,ALA,88,89
2537,6Q04,AA5,2,A,A,HIS,ILE,298,300
2538,6Q04,AA5,3,A,A,THR,HIS,206,208
2539,6Q04,AA6,1,A,A,ALA,THR,92,93
2540,6Q04,AA6,2,A,A,THR,PRO,96,97
2541,6Q04,AA7,1,A,A,LYS,GLN,110,111
2542,6Q04,AA7,2,A,A,TYR,ILE,292,295
2543,6Q04,AA7,3,A,A,PHE,GLY,147,150
2544,6Q04,AA7,4,A,A,HIS,ASP,167,174
2545,6Q04,AA7,5,A,A,LEU,PRO,179,189
2546,6Q04,AA7,6,A,A,PHE,ASN,232,244
2547,6Q04,AA8,1,A,A,THR,VAL,127,130
2548,6Q04,AA8,2,A,A,SER,ARG,133,141
2549,6Q04,AA8,3,A,A,ALA,TRP,309,310
2550,6Q04,AA9,1,A,A,VAL,ASN,153,155
2551,6Q04,AA9,2,A,A,MET,PHE,161,164
2552,6Q04,AB1,1,A,A,GLY,PHE,359,366
2553,6Q04,AB1,2,A,A,VAL,ASP,657,664
2554,6Q04,AB1,3,A,A,THR,GLY,669,675
2555,6Q04,AB1,4,A,A,GLY,LEU,712,715
2556,6Q04,AB1,5,A,A,LEU,THR,707,709
2557,6Q04,AB2,1,A,A,SER,GLU,373,376
2558,6Q04,AB2,2,A,A,CYS,LEU,603,608
2559,6Q04,AB2,3,A,A,VAL,ASN,611,619
2560,6Q04,AB2,4,A,A,TYR,ARG,648,652
2561,6Q04,AB2,5,A,A,LEU,TYR,638,642
2562,6Q04,AB2,6,A,A,PHE,TYR,630,632
2563,6Q04,AB2,7,B,B,THR,TYR,63,64
2564,6Q04,AB3,1,A,A,LYS,PHE,400,404
2565,6Q04,AB3,2,A,A,SER,SER,440,447
2566,6Q04,AB3,3,A,A,GLN,GLN,568,576
2567,6Q04,AB3,4,A,A,THR,THR,477,483
2568,6Q04,AB3,5,A,A,SER,SER,419,426
2569,6Q04,AB4,1,A,A,CYS,TYR,407,409
2570,6Q04,AB4,2,A,A,VAL,PRO,584,586
2571,6Q04,AB5,1,A,A,GLU,PRO,513,515
2572,6Q04,AB5,2,A,A,LYS,LEU,496,506
2573,6Q04,AB5,3,A,A,TRP,ALA,553,562
2574,6Q04,AB5,4,A,A,TYR,GLN,540,544
2575,6Q04,AB6,1,A,A,LEU,VAL,717,724
2576,6Q04,AB6,2,A,A,MET,ILE,757,762
2577,6Q04,AB6,3,A,A,LEU,LEU,735,738
2578,6Q04,AB6,4,A,A,PRO,GLY,730,732
2579,6Q04,AB7,1,A,A,ILE,GLN,768,769
2580,6Q04,AB7,2,B,B,GLN,SER,857,858
2581,6Q04,AB8,1,A,A,PHE,GLU,1191,1195
2582,6Q04,AB8,2,A,A,SER,GLY,1185,1188
2583,6Q04,AB8,3,A,A,GLY,ILE,1170,1173
2584,6Q04,AB8,4,A,A,ILE,ALA,1147,1152
2585,6Q04,AB8,5,A,A,PHE,ILE,778,782
2586,6Q04,AB8,6,B,B,PHE,ALA,967,969
2587,6Q04,AB9,1,A,A,ASN,GLN,785,796
2588,6Q04,AB9,2,A,A,GLY,SER,1133,1144
2589,6Q04,AB9,3,A,A,THR,ALA,1121,1130
2590,6Q04,AC1,1,A,A,LYS,VAL,801,804
2591,6Q04,AC1,2,A,A,TYR,LEU,932,935
2592,6Q04,AC2,1,A,A,GLN,SER,857,858
2593,6Q04,AC2,2,C,C,ILE,GLN,768,769
2594,6Q04,AC3,1,A,A,PHE,ALA,967,969
2595,6Q04,AC3,2,C,C,PHE,ILE,778,782
2596,6Q04,AC3,3,C,C,ILE,ALA,1147,1152
2597,6Q04,AC3,4,C,C,GLY,ILE,1170,1173
2598,6Q04,AC3,5,C,C,SER,GLY,1185,1188
2599,6Q04,AC3,6,C,C,PHE,GLU,1191,1195
2600,6Q04,AC4,1,A,A,THR,VAL,1202,1205
2601,6Q04,AC4,2,A,A,CYS,PRO,1164,1167
2602,6Q04,AC4,3,A,A,LEU,ASP,1155,1157
2603,6Q04,AC4,4,A,A,GLN,ILE,1212,1214
2604,6Q04,AC5,1,B,B,VAL,ILE,33,35
2605,6Q04,AC5,2,B,B,LEU,VAL,100,102
2606,6Q04,AC6,1,B,B,ILE,PHE,67,75
2607,6Q04,AC6,2,B,B,GLN,PHE,319,327
2608,6Q04,AC6,3,B,B,ILE,ASP,333,338
2609,6Q04,AC7,1,B,B,ASP,TYR,83,85
2610,6Q04,AC7,2,B,B,PHE,LYS,313,317
2611,6Q04,AC7,3,B,B,PHE,ILE,116,120
2612,6Q04,AC7,4,B,B,GLU,THR,252,259
2613,6Q04,AC7,5,B,B,GLY,SER,262,267
2614,6Q04,AC7,6,B,B,PHE,LEU,279,284
2615,6Q04,AC8,1,B,B,SER,ALA,88,89
2616,6Q04,AC8,2,B,B,HIS,ILE,298,300
2617,6Q04,AC8,3,B,B,THR,HIS,206,208
2618,6Q04,AC9,1,B,B,ALA,THR,92,93
2619,6Q04,AC9,2,B,B,THR,PRO,96,97
2620,6Q04,AD1,1,B,B,LYS,GLN,110,111
2621,6Q04,AD1,2,B,B,TYR,ILE,292,295
2622,6Q04,AD1,3,B,B,PHE,GLY,147,150
2623,6Q04,AD1,4,B,B,HIS,ASP,167,174
2624,6Q04,AD1,5,B,B,LEU,PRO,179,189
2625,6Q04,AD1,6,B,B,PHE,ASN,232,244
2626,6Q04,AD2,1,B,B,THR,VAL,127,130
2627,6Q04,AD2,2,B,B,SER,ARG,133,141
2628,6Q04,AD2,3,B,B,ALA,TRP,309,310
2629,6Q04,AD3,1,B,B,VAL,ASN,153,155
2630,6Q04,AD3,2,B,B,MET,PHE,161,164
2631,6Q04,AD4,1,B,B,GLY,PHE,359,366
2632,6Q04,AD4,2,B,B,VAL,ASP,657,664
2633,6Q04,AD4,3,B,B,THR,GLY,669,675
2634,6Q04,AD4,4,B,B,GLY,LEU,712,715
2635,6Q04,AD4,5,B,B,LEU,THR,707,709
2636,6Q04,AD5,1,B,B,SER,GLU,373,376
2637,6Q04,AD5,2,B,B,CYS,LEU,603,608
2638,6Q04,AD5,3,B,B,VAL,ASN,611,619
2639,6Q04,AD5,4,B,B,TYR,ARG,648,652
2640,6Q04,AD5,5,B,B,LEU,TYR,638,642
2641,6Q04,AD5,6,B,B,PHE,TYR,630,632
2642,6Q04,AD5,7,C,C,THR,TYR,63,64
2643,6Q04,AD6,1,B,B,LYS,PHE,400,404
2644,6Q04,AD6,2,B,B,SER,SER,440,447
2645,6Q04,AD6,3,B,B,GLN,GLN,568,576
2646,6Q04,AD6,4,B,B,THR,THR,477,483
2647,6Q04,AD6,5,B,B,SER,SER,419,426
2648,6Q04,AD7,1,B,B,CYS,TYR,407,409
2649,6Q04,AD7,2,B,B,VAL,PRO,584,586
2650,6Q04,AD8,1,B,B,GLU,PRO,513,515
2651,6Q04,AD8,2,B,B,LYS,LEU,496,506
2652,6Q04,AD8,3,B,B,TRP,ALA,553,562
2653,6Q04,AD8,4,B,B,TYR,GLN,540,544
2654,6Q04,AD9,1,B,B,LEU,VAL,717,724
2655,6Q04,AD9,2,B,B,MET,ILE,757,762
2656,6Q04,AD9,3,B,B,LEU,LEU,735,738
2657,6Q04,AD9,4,B,B,PRO,GLY,730,732
2658,6Q04,AE1,1,B,B,ILE,GLN,768,769
2659,6Q04,AE1,2,C,C,GLN,SER,857,858
2660,6Q04,AE2,1,B,B,PHE,GLU,1191,1195
2661,6Q04,AE2,2,B,B,SER,GLY,1185,1188
2662,6Q04,AE2,3,B,B,GLY,ILE,1170,1173
2663,6Q04,AE2,4,B,B,ILE,ALA,1147,1152
2664,6Q04,AE2,5,B,B,PHE,ILE,778,782
2665,6Q04,AE2,6,C,C,PHE,ALA,967,969
2666,6Q04,AE3,1,B,B,ASN,GLN,785,796
2667,6Q04,AE3,2,B,B,GLY,SER,1133,1144
2668,6Q04,AE3,3,B,B,THR,ALA,1121,1130
2669,6Q04,AE4,1,B,B,LYS,VAL,801,804
2670,6Q04,AE4,2,B,B,TYR,LEU,932,935
2671,6Q04,AE5,1,B,B,THR,VAL,1202,1205
2672,6Q04,AE5,2,B,B,CYS,PRO,1164,1167
2673,6Q04,AE5,3,B,B,LEU,ASP,1155,1157
2674,6Q04,AE5,4,B,B,GLN,ILE,1212,1214
2675,6Q04,AE6,1,C,C,VAL,ILE,33,35
2676,6Q04,AE6,2,C,C,LEU,VAL,100,102
2677,6Q04,AE7,1,C,C,ILE,PHE,67,75
2678,6Q04,AE7,2,C,C,GLN,PHE,319,327
2679,6Q04,AE7,3,C,C,ILE,ASP,333,338
2680,6Q04,AE8,1,C,C,ASP,TYR,83,85
2681,6Q04,AE8,2,C,C,PHE,LYS,313,317
2682,6Q04,AE8,3,C,C,PHE,ILE,116,120
2683,6Q04,AE8,4,C,C,GLU,THR,252,259
2684,6Q04,AE8,5,C,C,GLY,SER,262,267
2685,6Q04,AE8,6,C,C,PHE,LEU,279,284
2686,6Q04,AE9,1,C,C,SER,ALA,88,89
2687,6Q04,AE9,2,C,C,HIS,ILE,298,300
2688,6Q04,AE9,3,C,C,THR,HIS,206,208
2689,6Q04,AF1,1,C,C,ALA,THR,92,93
2690,6Q04,AF1,2,C,C,THR,PRO,96,97
2691,6Q04,AF2,1,C,C,LYS,GLN,110,111
2692,6Q04,AF2,2,C,C,TYR,ILE,292,295
2693,6Q04,AF2,3,C,C,PHE,GLY,147,150
2694,6Q04,AF2,4,C,C,HIS,ASP,167,174
2695,6Q04,AF2,5,C,C,LEU,PRO,179,189
2696,6Q04,AF2,6,C,C,PHE,ASN,232,244
2697,6Q04,AF3,1,C,C,THR,VAL,127,130
2698,6Q04,AF3,2,C,C,SER,ARG,133,141
2699,6Q04,AF3,3,C,C,ALA,TRP,309,310
2700,6Q04,AF4,1,C,C,VAL,ASN,153,155
2701,6Q04,AF4,2,C,C,MET,PHE,161,164
2702,6Q04,AF5,1,C,C,GLY,PHE,359,366
2703,6Q04,AF5,2,C,C,VAL,ASP,657,664
2704,6Q04,AF5,3,C,C,THR,GLY,669,675
2705,6Q04,AF5,4,C,C,GLY,LEU,712,715
2706,6Q04,AF5,5,C,C,LEU,THR,707,709
2707,6Q04,AF6,1,C,C,LYS,PHE,400,404
2708,6Q04,AF6,2,C,C,SER,SER,440,447
2709,6Q04,AF6,3,C,C,GLN,GLN,568,576
2710,6Q04,AF6,4,C,C,THR,THR,477,483
2711,6Q04,AF6,5,C,C,SER,SER,419,426
2712,6Q04,AF7,1,C,C,CYS,TYR,407,409
2713,6Q04,AF7,2,C,C,VAL,PRO,584,586
2714,6Q04,AF8,1,C,C,GLU,PRO,513,515
2715,6Q04,AF8,2,C,C,LYS,LEU,496,506
2716,6Q04,AF8,3,C,C,TRP,ALA,553,562
2717,6Q04,AF8,4,C,C,TYR,GLN,540,544
2718,6Q04,AF9,1,C,C,LEU,VAL,717,724
2719,6Q04,AF9,2,C,C,MET,ILE,757,762
2720,6Q04,AF9,3,C,C,LEU,LEU,735,738
2721,6Q04,AF9,4,C,C,PRO,GLY,730,732
2722,6Q04,AG1,1,C,C,ASN,GLN,785,796
2723,6Q04,AG1,2,C,C,GLY,SER,1133,1144
2724,6Q04,AG1,3,C,C,THR,ALA,1121,1130
2725,6Q04,AG2,1,C,C,LYS,VAL,801,804
2726,6Q04,AG2,2,C,C,TYR,LEU,932,935
2727,6Q04,AG3,1,C,C,THR,VAL,1202,1205
2728,6Q04,AG3,2,C,C,CYS,PRO,1164,1167
2729,6Q04,AG3,3,C,C,LEU,ASP,1155,1157
2730,6Q04,AG3,4,C,C,GLN,ILE,1212,1214
