,pdb_id,chain,alignment,offset,sequence
1,5X5B,A,20200505,35,RCTTFD---------DVQA-------PNYTQHTSSMRGVYYPDEIFRSDTLYLTQDLFLPFYSNVTGFH--TINH--------------------TFDNPVIPFKDGIYFAATEKSNV-------------------VRGWVFGSTMNNKSQSVII--IN--------------------NSTNVVIRACN---------FELCDNPFFAVSKP-M-GT---QTHTMIFDNAFNCTFEYISDAFSLDVSE-KSGNF--KHLREFVFKNKDGFLYVYKGYQPIDVV----RDLPSGFNTLKPIFKLPLGINITNFRAILTAFS--------------TWGTSAAAYFVGYLKPTTFMLKYDENGTITDAVDCSQNPLAELKCSVKSFEIDKGIYQTSNFRVVPSGDVVR--------LCPFGEVF--NATKFPSVYAWERKKISNCVADYSVLYNS-TFFSTFKCYGVSATKLNDLCFSNVYADSFVVKGDDVRQIAPGQTGVIADYNYKLPDDFMGCVLAWNTRNIDATS---------------------------TGNYNYKYRYLRHGKLRPFERDISNVPFS-------------------PDGKPCT-PPALNCYW---------------------------PLNDY--------------------------GFY-----------------------------------T-----TTGIGYQPYRVVVLSFE---------------------DLIKNQCVNFNFNGLTGTGVLTP-SSKRFQPFQQFGRDVSDFTDSVRDPKTSEILDISPCSFGGVSVITPGTNASSEVAVLYQDVNCTDVSTAIHADQLTPAWRIYST-----GNNVFQTQAGCLIGAEHVDT----SYECDIPIGAGICASYHT-------------------KSIVAYTMSLG-ADSSIAYSNNTIAIPTNFSISITTEVMPVSMAKTSVDCNMYICGDSTECANLLLQYGSFCTQLNRALSGIAAEQDRNTREVFAQVKQMY--KTPTLK----YFGGFNFSQILPDPL-----------KPTKRSFIEDLLFNKV-----------------------TDLICAQKFNGLTVLPPLLTDDMIAAYTAALVSGTATAGWTFGAGAALQIPFAMQMAYRFNGIGVTQNVLYENQKQIANQFNKAISQIQESLTTTSTALGKLQDVVNQNAQALNTLVKQLSSNFGAISSVLNDILSRLDKVEAEVQIDRLITGRLQSLQTYVTQQLIRAAEIRASANLAATKMSECVLGQSKRVDFCGKGYHLMSFPQAAPHGVVFLHVTYVPSQERNFTTAPAICHE---GKAYFPREGVFVFNGT----------SWFITQRNFFSPQIIT-TDNTFV---------------------------------------------------------------------------------------------------------------------------------------------------------------
2,5X58,C,20200505,35,RCTTFD---------DVQA-------PNYTQHTSSMRGVYYPDEIFRSDTLYLTQDLFLPFYSNVTGFH--TINH--------------------TFDNPVIPFKDGIYFAATEKSNV-------------------VRGWVFGSTMNNKSQSVII--IN--------------------NSTNVVIRACN---------FELCDNPFFAVSKP-M-GT---QTHTMIFDNAFNCTFEYISDAFSLDVSE-KSGNF--KHLREFVFKNKDGFLYVYKGYQPIDVV----RDLPSGFNTLKPIFKLPLGINITNFRAILTAFS--------------TWGTSAAAYFVGYLKPTTFMLKYDENGTITDAVDCSQNPLAELKCSVKSFEIDKGIYQTSNFRVVPSGDVVRF-PNITN-LCPFGEVF--NATKFPSVYAWERKKISNCVADYSVLYNS-TFFSTFKCYGVSATKLNDLCFSNVYADSFVVKGDDVRQIAPGQTGVIADYNYKLPDDFMGCVLAWNTRNIDATS---------------------------TGNYNYKYRYLRHGKLRPFERDISNVPFS-------------------PDGKPCT-PPALNCYW---------------------------PLNDY--------------------------GFY-----------------------------------T-----TTGIGYQPYRVVVLSFELLNAPATVCGPK-L-----STDLIKNQCVNFNFNGLTGTGVLTP-SSKRFQPFQQFGRDVSDFTDSVRDPKTSEILDISPCSFGGVSVITPGTNASSEVAVLYQDVNCTDVSTAIHADQLTPAWRIYST-----GNNVFQTQAGCLIGAEHVDT----SYECDIPIGAGICASYHT--------------------SIVAYTMSLG-ADSSIAYSNNTIAIPTNFSISITTEVMPVSMAKTSVDCNMYICGDSTECANLLLQYGSFCTQLNRALSGIAAEQDRNTREVFAQVKQMY--KTPTLK----YFGGFNFSQILPDPL-----------KPTKRSFIEDLLFNKV-----------------------T-LICAQKFNGLTVLPPLLTDDMIAAYTAALVSGTATAGWTFGAGAALQIPFAMQMAYRFNGIGVTQNVLYENQKQIANQFNKAISQIQESLTTTSTALGKLQDVVNQNAQALNTLVKQLSSNFGAISSVLNDILSRLDKVEAEVQIDRLITGRLQSLQTYVTQQLIRAAEIRASANLAATKMSECVLGQSKRVDFCGKGYHLMSFPQAAPHGVVFLHVTYVPSQERNFTTAPAICHE---GKAYFPREGVFVFNGT----------SWFITQRNFFSPQIIT-TDNTFV---------------------------------------------------------------------------------------------------------------------------------------------------------------
3,5X58,A,20200505,35,RCTTFD---------DVQA-------PNYTQHTSSMRGVYYPDEIFRSDTLYLTQDLFLPFYSNVTGFH--TINH--------------------TFDNPVIPFKDGIYFAATEKSNV-------------------VRGWVFGSTMNNKSQSVII--IN--------------------NSTNVVIRACN---------FELCDNPFFAVSKP-M-GT---QTHTMIFDNAFNCTFEYISDAFSLDVSE-KSGNF--KHLREFVFKNKDGFLYVYKGYQPIDVV----RDLPSGFNTLKPIFKLPLGINITNFRAILTAFS--------------TWGTSAAAYFVGYLKPTTFMLKYDENGTITDAVDCSQNPLAELKCSVKSFEIDKGIYQTSNFRVVPSGDVVRF-PNITN-LCPFGEVF--NATKFPSVYAWERKKISNCVADYSVLYNS-TFFSTFKCYGVSATKLNDLCFSNVYADSFVVKGDDVRQIAPGQTGVIADYNYKLPDDFMGCVLAWNTRNIDATS---------------------------TGNYNYKYRYLRHGKLRPFERDISNVPFS-------------------PDGKPCT-PPALNCYW---------------------------PLNDY--------------------------GFY-----------------------------------T-----TTGIGYQPYRVVVLSFELLNAPATVCGPK-L-----STDLIKNQCVNFNFNGLTGTGVLTP-SSKRFQPFQQFGRDVSDFTDSVRDPKTSEILDISPCSFGGVSVITPGTNASSEVAVLYQDVNCTDVSTAIHADQLTPAWRIYST-----GNNVFQTQAGCLIGAEHVDT----SYECDIPIGAGICASYHT-------------------KSIVAYTMSLG-ADSSIAYSNNTIAIPTNFSISITTEVMPVSMAKTSVDCNMYICGDSTECANLLLQYGSFCTQLNRALSGIAAEQDRNTREVFAQVKQMY--KTPTLK----YFGGFNFSQILPDPL-----------KPTKRSFIEDLLFNKV-----------------------TDLICAQKFNGLTVLPPLLTDDMIAAYTAALVSGTATAGWTFGAGAALQIPFAMQMAYRFNGIGVTQNVLYENQKQIANQFNKAISQIQESLTTTSTALGKLQDVVNQNAQALNTLVKQLSSNFGAISSVLNDILSRLDKVEAEVQIDRLITGRLQSLQTYVTQQLIRAAEIRASANLAATKMSECVLGQSKRVDFCGKGYHLMSFPQAAPHGVVFLHVTYVPSQERNFTTAPAICHE---GKAYFPREGVFVFNGT----------SWFITQRNFFSPQIIT-TDNTFV---------------------------------------------------------------------------------------------------------------------------------------------------------------
4,5X58,B,20200505,35,RCTTFD---------DVQA-------PNYTQHTSSMRGVYYPDEIFRSDTLYLTQDLFLPFYSNVTGFH--TINH--------------------TFDNPVIPFKDGIYFAATEKSNV-------------------VRGWVFGSTMNNKSQSVII--IN--------------------NSTNVVIRACN---------FELCDNPFFAVSKP-M-GT---QTHTMIFDNAFNCTFEYISDAFSLDVSE-KSGNF--KHLREFVFKNKDGFLYVYKGYQPIDVV----RDLPSGFNTLKPIFKLPLGINITNFRAILTAFS--------------TWGTSAAAYFVGYLKPTTFMLKYDENGTITDAVDCSQNPLAELKCSVKSFEIDKGIYQTSNFRVVPSGDVVRF-PNITN-LCPFGEVF--NATKFPSVYAWERKKISNCVADYSVLYNS-TFFSTFKCYGVSATKLNDLCFSNVYADSFVVKGDDVRQIAPGQTGVIADYNYKLPDDFMGCVLAWNTRNIDATS---------------------------TGNYNYKYRYLRHGKLRPFERDISNVPFS-------------------PDGKPCT-PPALNCYW---------------------------PLNDY--------------------------GFY-----------------------------------T-----TTGIGYQPYRVVVLSFELLNAPATVCGPK-L-----STDLIKNQCVNFNFNGLTGTGVLTP-SSKRFQPFQQFGRDVSDFTDSVRDPKTSEILDISPCSFGGVSVITPGTNASSEVAVLYQDVNCTDVSTAIHADQLTPAWRIYST-----GNNVFQTQAGCLIGAEHVDT----SYECDIPIGAGICASYHT-------------------KSIVAYTMSLG-ADSSIAYSNNTIAIPTNFSISITTEVMPVSMAKTSVDCNMYICGDSTECANLLLQYGSFCTQLNRALSGIAAEQDRNTREVFAQVKQMY--KTPTLK----YFGGFNFSQILPDPL-----------KPTKRSFIEDLLFNKV-----------------------T-LICAQKFNGLTVLPPLLTDDMIAAYTAALVSGTATAGWTFGAGAALQIPFAMQMAYRFNGIGVTQNVLYENQKQIANQFNKAISQIQESLTTTSTALGKLQDVVNQNAQALNTLVKQLSSNFGAISSVLNDILSRLDKVEAEVQIDRLITGRLQSLQTYVTQQLIRAAEIRASANLAATKMSECVLGQSKRVDFCGKGYHLMSFPQAAPHGVVFLHVTYVPSQERNFTTAPAICHE---GKAYFPREGVFVFNGT----------SWFITQRNFFSPQIIT-TDNTFV---------------------------------------------------------------------------------------------------------------------------------------------------------------
5,5X5B,B,20200505,35,RCTTFD---------DVQA-------PNYTQHTSSMRGVYYPDEIFRSDTLYLTQDLFLPFYSNVTGFH--TINH--------------------TFDNPVIPFKDGIYFAATEKSNV-------------------VRGWVFGSTMNNKSQSVII--IN--------------------NSTNVVIRACN---------FELCDNPFFAVSKP-M-GT---QTHTMIFDNAFNCTFEYISDAFSLDVSE-KSGNF--KHLREFVFKNKDGFLYVYKGYQPIDVV----RDLPSGFNTLKPIFKLPLGINITNFRAILTAFS--------------TWGTSAAAYFVGYLKPTTFMLKYDENGTITDAVDCSQNPLAELKCSVKSFEIDKGIYQTSNFRVVPSGDVVRF-PNITN-LCPFGEVF--NATKFPSVYAWERKKISNCVADYSVLYNS-TFFSTFKCYGVSATKLNDLCFSNVYADSFVVKGDDVRQIAPGQTGVIADYNYKLPDDFMGCVLAWNTRNIDATS---------------------------TGNYNYKYRYLRHGKLRPFERDISNVPFS-------------------PDGKPCT-PPALNCYW---------------------------PLNDY--------------------------GFY-----------------------------------T-----TTGIGYQPYRVVVLSFELLNAPATVCGPK-L-----STDLIKNQCVNFNFNGLTGTGVLTP-SSKRFQPFQQFGRDVSDFTDSVRDPKTSEILDISPCSFGGVSVITPGTNASSEVAVLYQDVNCTDVSTAIHADQLTPAWRIYST-----GNNVFQTQAGCLIGAEHVDT----SYECDIPIGAGICASYHT-------------------KSIVAYTMSLG-ADSSIAYSNNTIAIPTNFSISITTEVMPVSMAKTSVDCNMYICGDSTECANLLLQYGSFCTQLNRALSGIAAEQDRNTREVFAQVKQMY--KTPTLK----YFGGFNFSQILPDPL-----------KPTKRSFIEDLLFNKV-----------------------T-LICAQKFNGLTVLPPLLTDDMIAAYTAALVSGTATAGWTFGAGAALQIPFAMQMAYRFNGIGVTQNVLYENQKQIANQFNKAISQIQESLTTTSTALGKLQDVVNQNAQALNTLVKQLSSNFGAISSVLNDILSRLDKVEAEVQIDRLITGRLQSLQTYVTQQLIRAAEIRASANLAATKMSECVLGQSKRVDFCGKGYHLMSFPQAAPHGVVFLHVTYVPSQERNFTTAPAICHE---GKAYFPREGVFVFNGT----------SWFITQRNFFSPQIIT-TDNTFV---------------------------------------------------------------------------------------------------------------------------------------------------------------
6,5X5B,C,20200505,35,RCTTFD---------DVQA-------PNYTQHTSSMRGVYYPDEIFRSDTLYLTQDLFLPFYSNVTGFH--TINH--------------------TFDNPVIPFKDGIYFAATEKSNV-------------------VRGWVFGSTMNNKSQSVII--IN--------------------NSTNVVIRACN---------FELCDNPFFAVSKP-M-GT---QTHTMIFDNAFNCTFEYISDAFSLDVSE-KSGNF--KHLREFVFKNKDGFLYVYKGYQPIDVV----RDLPSGFNTLKPIFKLPLGINITNFRAILTAFS--------------TWGTSAAAYFVGYLKPTTFMLKYDENGTITDAVDCSQNPLAELKCSVKSFEIDKGIYQTSNFRVVPSGDVVRF-PNITN-LCPFGEVF--NATKFPSVYAWERKKISNCVADYSVLYNS-TFFSTFKCYGVSATKLNDLCFSNVYADSFVVKGDDVRQIAPGQTGVIADYNYKLPDDFMGCVLAWNTRNIDATS---------------------------TGNYNYKYRYLRHGKLRPFERDISNVPFS-------------------PDGKPCT-PPALNCYW---------------------------PLNDY--------------------------GFY-----------------------------------T-----TTGIGYQPYRVVVLSFELLNAPATVCGPK-L-----STDLIKNQCVNFNFNGLTGTGVLTP-SSKRFQPFQQFGRDVSDFTDSVRDPKTSEILDISPCSFGGVSVITPGTNASSEVAVLYQDVNCTDVSTAIHADQLTPAWRIYST-----GNNVFQTQAGCLIGAEHVDT----SYECDIPIGAGICASYHT-------------------KSIVAYTMSLG-ADSSIAYSNNTIAIPTNFSISITTEVMPVSMAKTSVDCNMYICGDSTECANLLLQYGSFCTQLNRALSGIAAEQDRNTREVFAQVKQMY--KTPTLK----YFGGFNFSQILPDPL-----------KPTKRSFIEDLLFNKV-----------------------T-LICAQKFNGLTVLPPLLTDDMIAAYTAALVSGTATAGWTFGAGAALQIPFAMQMAYRFNGIGVTQNVLYENQKQIANQFNKAISQIQESLTTTSTALGKLQDVVNQNAQALNTLVKQLSSNFGAISSVLNDILSRLDKVEAEVQIDRLITGRLQSLQTYVTQQLIRAAEIRASANLAATKMSECVLGQSKRVDFCGKGYHLMSFPQAAPHGVVFLHVTYVPSQERNFTTAPAICHE---GKAYFPREGVFVFNGT----------SWFITQRNFFSPQIIT-TDNTFV---------------------------------------------------------------------------------------------------------------------------------------------------------------
8,6Q04,A,20200505,24,TVDVGPDSVKSACIEVD--------IQQTFFD---KTWPRPIDVSKADGIIYPQGRTYSNITITYQGLFPYQGDHGDMYVYSAGHA--TG-------TTPQKLFVANYSQDVKQFANGFVVRIGAAANSTGTVIISP--STSATIRKIYPAFMLGSSVGNFSD-GKMGRFFNHTLVLLPDGCGTLLRAFYCILEPRSGNHCPAGNSY--TSFATYHTPATDCS-DGNYNRNASLNSFKEYFNLRNCTFMY---TYNITEDE--ILEW-------FGITQTAQGVHLFSSRYVDLYG-----------GNMFQFATLPVYDT---IKYYSIIPHSIRSI-QSD--RKA-----WAAFYVYKLQPLTFLLDFSVDGYIRRAIDCGFNDLSQLHCSYESFDVESGVYSVSSFEAKPSGSVVEQ-AEGVECD--FSPLL---SGTPPQVYNFKRLVFTNCNYNLTKLLSL-FSVNDFTCSQISPAAIASNCYSSLILDYFSYPLSMKSDLSVSSAGPISQFNYKQSFSNPTCLILATVPHNLTT-----I----------------------TKPLKYSYINKCSRLLSDD-RTEVPQLVN-------------------ANQYS-------PCVSIVPSTVWEDGD------------YYRKQLSPLEGGG-----------------WLVASGST------------------------------------------VAMTEQLQMGFGITVQYGTDTNSVCPKLEFAN-DTKIASQLGNCVEYSLYGVSGRGVFQN-CTAVGVRQQRFVYDAYQNLVGYYSD-DGNYYCLRACVSVPVSVIYDK--ETKTHATLFGSVACEHI------------------------YGPLQTPVGCVLGLVNSSL-FVE--DCKLPLGQSLCALPDT-------------PGEMRLASIAFNHPIQVD---QLNSSYFKLSIPTNFSFGVTQEYIQTTIQKVTVDCKQYVCNGFQKCEQLLREYGQFCSKINQALHGANLRQDDSVRNLFASVKSSQ--SSPIIPG---FGGDFNLTLLEPV----------------ARSAIEDLLFDKVTIADPGYMQGYDDCM-QQGPASARDLICAQYVAGYKVLPPLMDVNMEAAYTSSLLGSIAGVGWTAGLSSFAAIPFAQSIFYRLNGVGITQQVLSENQKLIANKFNQALGAMQTGFTTTNEAFQKVQDAVNNNAQALSKLASELSNTFGAISASIGDIIQRLDPPEQDAQIDRLINGRLTTLNAFVAQQLVRSESAALSAQLAKDKVNECVKAQSKRSGFCGQGTHIVSFVVNAPNGLYFMHVGYYPSNHIEVVSAYGLCDAANPTNCIAPVNGYFIKT------------EWSYTGSSFYAPEPIT-SLNTKYVAP-QVTYQNISTNLPPPLLG-------------------------------------------------------------------------------------------------------------------------------------------
9,6Q04,B,20200505,24,TVDVGPDSVKSACIEVD--------IQQTFFD---KTWPRPIDVSKADGIIYPQGRTYSNITITYQGLFPYQGDHGDMYVYSAGHA--TG-------TTPQKLFVANYSQDVKQFANGFVVRIGAAANSTGTVIISP--STSATIRKIYPAFMLGSSVGNFSD-GKMGRFFNHTLVLLPDGCGTLLRAFYCILEPRSGNHCPAGNSY--TSFATYHTPATDCS-DGNYNRNASLNSFKEYFNLRNCTFMY---TYNITEDE--ILEW-------FGITQTAQGVHLFSSRYVDLYG-----------GNMFQFATLPVYDT---IKYYSIIPHSIRSI-QSD--RKA-----WAAFYVYKLQPLTFLLDFSVDGYIRRAIDCGFNDLSQLHCSYESFDVESGVYSVSSFEAKPSGSVVEQ-AEGVECD--FSPLL---SGTPPQVYNFKRLVFTNCNYNLTKLLSL-FSVNDFTCSQISPAAIASNCYSSLILDYFSYPLSMKSDLSVSSAGPISQFNYKQSFSNPTCLILATVPHNLTT-----I----------------------TKPLKYSYINKCSRLLSDD-RTEVPQLVN-------------------ANQYS-------PCVSIVPSTVWEDGD------------YYRKQLSPLEGGG-----------------WLVASGST------------------------------------------VAMTEQLQMGFGITVQYGTDTNSVCPKLEFAN-DTKIASQLGNCVEYSLYGVSGRGVFQN-CTAVGVRQQRFVYDAYQNLVGYYSD-DGNYYCLRACVSVPVSVIYDK--ETKTHATLFGSVACEHI------------------------YGPLQTPVGCVLGLVNSSL-FVE--DCKLPLGQSLCALPDT-------------PGEMRLASIAFNHPIQVD---QLNSSYFKLSIPTNFSFGVTQEYIQTTIQKVTVDCKQYVCNGFQKCEQLLREYGQFCSKINQALHGANLRQDDSVRNLFASVKSSQ--SSPIIPG---FGGDFNLTLLEPV----------------ARSAIEDLLFDKVTIADPGYMQGYDDCM-QQGPASARDLICAQYVAGYKVLPPLMDVNMEAAYTSSLLGSIAGVGWTAGLSSFAAIPFAQSIFYRLNGVGITQQVLSENQKLIANKFNQALGAMQTGFTTTNEAFQKVQDAVNNNAQALSKLASELSNTFGAISASIGDIIQRLDPPEQDAQIDRLINGRLTTLNAFVAQQLVRSESAALSAQLAKDKVNECVKAQSKRSGFCGQGTHIVSFVVNAPNGLYFMHVGYYPSNHIEVVSAYGLCDAANPTNCIAPVNGYFIKT------------EWSYTGSSFYAPEPIT-SLNTKYVAP-QVTYQNISTNLPPPLLG-------------------------------------------------------------------------------------------------------------------------------------------
10,6Q04,C,20200505,24,TVDVGPDSVKSACIEVD--------IQQTFFD---KTWPRPIDVSKADGIIYPQGRTYSNITITYQGLFPYQGDHGDMYVYSAGHA--TG-------TTPQKLFVANYSQDVKQFANGFVVRIGAAANSTGTVIISP--STSATIRKIYPAFMLGSSVGNFSD-GKMGRFFNHTLVLLPDGCGTLLRAFYCILEPRSGNHCPAGNSY--TSFATYHTPATDCS-DGNYNRNASLNSFKEYFNLRNCTFMY---TYNITEDE--ILEW-------FGITQTAQGVHLFSSRYVDLYG-----------GNMFQFATLPVYDT---IKYYSIIPHSIRSI-QSD--RKA-----WAAFYVYKLQPLTFLLDFSVDGYIRRAIDCGFNDLSQLHCSYESFDVESGVYSVSSFEAKPSGSVVEQ-AEGVECD--FSPLL---SGTPPQVYNFKRLVFTNCNYNLTKLLSL-FSVNDFTCSQISPAAIASNCYSSLILDYFSYPLSMKSDLSVSSAGPISQFNYKQSFSNPTCLILATVPHNLTT-----I----------------------TKPLKYSYINKCSRLLSDD-RTEVPQLVN-------------------ANQYS-------PCVSIVPSTVWEDGD------------YYRKQLSPLEGGG-----------------WLVASGST------------------------------------------VAMTEQLQMGFGITVQYGTDTNSVCPKLEFAN-DTKIASQLGNCVEYSLYGVSGRGVFQN-CTAVGVRQQRFVYDAYQNLVGYYSD-DGNYYCLRACVSVPVSVIYDK--ETKTHATLFGSVACEHI------------------------YGPLQTPVGCVLGLVNSSL-FVE--DCKLPLGQSLCALPDT-------------PGEMRLASIAFNHPIQVD---QLNSSYFKLSIPTNFSFGVTQEYIQTTIQKVTVDCKQYVCNGFQKCEQLLREYGQFCSKINQALHGANLRQDDSVRNLFASVKSSQ--SSPIIPG---FGGDFNLTLLEPV----------------ARSAIEDLLFDKVTIADPGYMQGYDDCM-QQGPASARDLICAQYVAGYKVLPPLMDVNMEAAYTSSLLGSIAGVGWTAGLSSFAAIPFAQSIFYRLNGVGITQQVLSENQKLIANKFNQALGAMQTGFTTTNEAFQKVQDAVNNNAQALSKLASELSNTFGAISASIGDIIQRLDPPEQDAQIDRLINGRLTTLNAFVAQQLVRSESAALSAQLAKDKVNECVKAQSKRSGFCGQGTHIVSFVVNAPNGLYFMHVGYYPSNHIEVVSAYGLCDAANPTNCIAPVNGYFIKT------------EWSYTGSSFYAPEPIT-SLNTKYVAP-QVTYQNISTNLPPPLLG-------------------------------------------------------------------------------------------------------------------------------------------
11,6Q05,A,20200505,24,TVDVGPDSVKSACIEVD--------IQQTFFD---KTWPRPIDVSKADGIIYPQGRTYSNITITYQGLFPYQGDHGDMYVYSAGHA--TG-------TTPQKLFVANYSQDVKQFANGFVVRIGAAANSTGTVIISP--STSATIRKIYPAFMLGSSVGNFSD-GKMGRFFNHTLVLLPDGCGTLLRAFYCILEPRSGNHCPAGNSY--TSFATYHTPATDCS-DGNYNRNASLNSFKEYFNLRNCTFMY---TYNITEDE--ILEW-------FGITQTAQGVHLFSSRYVDLYG-----------GNMFQFATLPVYDT---IKYYSIIPHSIRSI-QSD--RKA-----WAAFYVYKLQPLTFLLDFSVDGYIRRAIDCGFNDLSQLHCSYESFDVESGVYSVSSFEAKPSGSVVEQ-AEGVECD--FSPLL---SGTPPQVYNFKRLVFTNCNYNLTKLLSL-FSVNDFTCSQISPAAIASNCYSSLILDYFSYPLSMKSDLSVSSAGPISQFNYKQSFSNPTCLILATVPHNLTT-----I----------------------TKPLKYSYINKCSRLLSDD-RTEVPQLVN-------------------ANQYS-------PCVSIVPSTVWEDGD------------YYRKQLSPLEGGG-----------------WLVASGST------------------------------------------VAMTEQLQMGFGITVQYGTDTNSVCPKLEFAN-DTKIASQLGNCVEYSLYGVSGRGVFQN-CTAVGVRQQRFVYDAYQNLVGYYSD-DGNYYCLRACVSVPVSVIYDK--ETKTHATLFGSVACEHI------------------------YGPLQTPVGCVLGLVNSSL-FVE--DCKLPLGQSLCALPDT-------------PGEMRLASIAFNHPIQVD---QLNSSYFKLSIPTNFSFGVTQEYIQTTIQKVTVDCKQYVCNGFQKCEQLLREYGQFCSKINQALHGANLRQDDSVRNLFASVKSSQ--SSPIIPG---FGGDFNLTLLEPV----------------ARSAIEDLLFDKVTIADPGYMQGYDDCM-QQGPASARDLICAQYVAGYKVLPPLMDVNMEAAYTSSLLGSIAGVGWTAGLSSFAAIPFAQSIFYRLNGVGITQQVLSENQKLIANKFNQALGAMQTGFTTTNEAFQKVQDAVNNNAQALSKLASELSNTFGAISASIGDIIQRLDPPEQDAQIDRLINGRLTTLNAFVAQQLVRSESAALSAQLAKDKVNECVKAQSKRSGFCGQGTHIVSFVVNAPNGLYFMHVGYYPSNHIEVVSAYGLCDAANPTNCIAPVNGYFIKT------------EWSYTGSSFYAPEPIT-SLNTKYVAP-QVTYQNISTNLPPPLLG-------------------------------------------------------------------------------------------------------------------------------------------
12,6Q05,B,20200505,24,TVDVGPDSVKSACIEVD--------IQQTFFD---KTWPRPIDVSKADGIIYPQGRTYSNITITYQGLFPYQGDHGDMYVYSAGHA--TG-------TTPQKLFVANYSQDVKQFANGFVVRIGAAANSTGTVIISP--STSATIRKIYPAFMLGSSVGNFSD-GKMGRFFNHTLVLLPDGCGTLLRAFYCILEPRSGNHCPAGNSY--TSFATYHTPATDCS-DGNYNRNASLNSFKEYFNLRNCTFMY---TYNITEDE--ILEW-------FGITQTAQGVHLFSSRYVDLYG-----------GNMFQFATLPVYDT---IKYYSIIPHSIRSI-QSD--RKA-----WAAFYVYKLQPLTFLLDFSVDGYIRRAIDCGFNDLSQLHCSYESFDVESGVYSVSSFEAKPSGSVVEQ-AEGVECD--FSPLL---SGTPPQVYNFKRLVFTNCNYNLTKLLSL-FSVNDFTCSQISPAAIASNCYSSLILDYFSYPLSMKSDLSVSSAGPISQFNYKQSFSNPTCLILATVPHNLTT-----I----------------------TKPLKYSYINKCSRLLSDD-RTEVPQLVN-------------------ANQYS-------PCVSIVPSTVWEDGD------------YYRKQLSPLEGGG-----------------WLVASGST------------------------------------------VAMTEQLQMGFGITVQYGTDTNSVCPKLEFAN-DTKIASQLGNCVEYSLYGVSGRGVFQN-CTAVGVRQQRFVYDAYQNLVGYYSD-DGNYYCLRACVSVPVSVIYDK--ETKTHATLFGSVACEHI------------------------YGPLQTPVGCVLGLVNSSL-FVE--DCKLPLGQSLCALPDT-------------PGEMRLASIAFNHPIQVD---QLNSSYFKLSIPTNFSFGVTQEYIQTTIQKVTVDCKQYVCNGFQKCEQLLREYGQFCSKINQALHGANLRQDDSVRNLFASVKSSQ--SSPIIPG---FGGDFNLTLLEPV----------------ARSAIEDLLFDKVTIADPGYMQGYDDCM-QQGPASARDLICAQYVAGYKVLPPLMDVNMEAAYTSSLLGSIAGVGWTAGLSSFAAIPFAQSIFYRLNGVGITQQVLSENQKLIANKFNQALGAMQTGFTTTNEAFQKVQDAVNNNAQALSKLASELSNTFGAISASIGDIIQRLDPPEQDAQIDRLINGRLTTLNAFVAQQLVRSESAALSAQLAKDKVNECVKAQSKRSGFCGQGTHIVSFVVNAPNGLYFMHVGYYPSNHIEVVSAYGLCDAANPTNCIAPVNGYFIKT------------EWSYTGSSFYAPEPIT-SLNTKYVAP-QVTYQNISTNLPPPLLG-------------------------------------------------------------------------------------------------------------------------------------------
13,6Q05,C,20200505,24,TVDVGPDSVKSACIEVD--------IQQTFFD---KTWPRPIDVSKADGIIYPQGRTYSNITITYQGLFPYQGDHGDMYVYSAGHA--TG-------TTPQKLFVANYSQDVKQFANGFVVRIGAAANSTGTVIISP--STSATIRKIYPAFMLGSSVGNFSD-GKMGRFFNHTLVLLPDGCGTLLRAFYCILEPRSGNHCPAGNSY--TSFATYHTPATDCS-DGNYNRNASLNSFKEYFNLRNCTFMY---TYNITEDE--ILEW-------FGITQTAQGVHLFSSRYVDLYG-----------GNMFQFATLPVYDT---IKYYSIIPHSIRSI-QSD--RKA-----WAAFYVYKLQPLTFLLDFSVDGYIRRAIDCGFNDLSQLHCSYESFDVESGVYSVSSFEAKPSGSVVEQ-AEGVECD--FSPLL---SGTPPQVYNFKRLVFTNCNYNLTKLLSL-FSVNDFTCSQISPAAIASNCYSSLILDYFSYPLSMKSDLSVSSAGPISQFNYKQSFSNPTCLILATVPHNLTT-----I----------------------TKPLKYSYINKCSRLLSDD-RTEVPQLVN-------------------ANQYS-------PCVSIVPSTVWEDGD------------YYRKQLSPLEGGG-----------------WLVASGST------------------------------------------VAMTEQLQMGFGITVQYGTDTNSVCPKLEFAN-DTKIASQLGNCVEYSLYGVSGRGVFQN-CTAVGVRQQRFVYDAYQNLVGYYSD-DGNYYCLRACVSVPVSVIYDK--ETKTHATLFGSVACEHI------------------------YGPLQTPVGCVLGLVNSSL-FVE--DCKLPLGQSLCALPDT-------------PGEMRLASIAFNHPIQVD---QLNSSYFKLSIPTNFSFGVTQEYIQTTIQKVTVDCKQYVCNGFQKCEQLLREYGQFCSKINQALHGANLRQDDSVRNLFASVKSSQ--SSPIIPG---FGGDFNLTLLEPV----------------ARSAIEDLLFDKVTIADPGYMQGYDDCM-QQGPASARDLICAQYVAGYKVLPPLMDVNMEAAYTSSLLGSIAGVGWTAGLSSFAAIPFAQSIFYRLNGVGITQQVLSENQKLIANKFNQALGAMQTGFTTTNEAFQKVQDAVNNNAQALSKLASELSNTFGAISASIGDIIQRLDPPEQDAQIDRLINGRLTTLNAFVAQQLVRSESAALSAQLAKDKVNECVKAQSKRSGFCGQGTHIVSFVVNAPNGLYFMHVGYYPSNHIEVVSAYGLCDAANPTNCIAPVNGYFIKT------------EWSYTGSSFYAPEPIT-SLNTKYVAP-QVTYQNISTNLPPPLLG-------------------------------------------------------------------------------------------------------------------------------------------
14,6Q06,A,20200505,24,TVDVGPDSVKSACIEVD--------IQQTFFD---KTWPRPIDVSKADGIIYPQGRTYSNITITYQGLFPYQGDHGDMYVYSAGHA--TG-------TTPQKLFVANYSQDVKQFANGFVVRIGAAANSTGTVIISP--STSATIRKIYPAFMLGSSVGNFSD-GKMGRFFNHTLVLLPDGCGTLLRAFYCILEPRSGNHCPAGNSY--TSFATYHTPATDCS-DGNYNRNASLNSFKEYFNLRNCTFMY---TYNITEDE--ILEW-------FGITQTAQGVHLFSSRYVDLYG-----------GNMFQFATLPVYDT---IKYYSIIPHSIRSI-QSD--RKA-----WAAFYVYKLQPLTFLLDFSVDGYIRRAIDCGFNDLSQLHCSYESFDVESGVYSVSSFEAKPSGSVVEQ-AEGVECD--FSPLL---SGTPPQVYNFKRLVFTNCNYNLTKLLSL-FSVNDFTCSQISPAAIASNCYSSLILDYFSYPLSMKSDLSVSSAGPISQFNYKQSFSNPTCLILATVPHNLTT-----I----------------------TKPLKYSYINKCSRLLSDD-RTEVPQLVN-------------------ANQYS-------PCVSIVPSTVWEDGD------------YYRKQLSPLEGGG-----------------WLVASGST------------------------------------------VAMTEQLQMGFGITVQYGTDTNSVCPKLEFAN-DTKIASQLGNCVEYSLYGVSGRGVFQN-CTAVGVRQQRFVYDAYQNLVGYYSD-DGNYYCLRACVSVPVSVIYDK--ETKTHATLFGSVACEHI------------------------YGPLQTPVGCVLGLVNSSL-FVE--DCKLPLGQSLCALPDT-------------PGEMRLASIAFNHPIQVD---QLNSSYFKLSIPTNFSFGVTQEYIQTTIQKVTVDCKQYVCNGFQKCEQLLREYGQFCSKINQALHGANLRQDDSVRNLFASVKSSQ--SSPIIPG---FGGDFNLTLLEPV----------------ARSAIEDLLFDKVTIADPGYMQGYDDCM-QQGPASARDLICAQYVAGYKVLPPLMDVNMEAAYTSSLLGSIAGVGWTAGLSSFAAIPFAQSIFYRLNGVGITQQVLSENQKLIANKFNQALGAMQTGFTTTNEAFQKVQDAVNNNAQALSKLASELSNTFGAISASIGDIIQRLDPPEQDAQIDRLINGRLTTLNAFVAQQLVRSESAALSAQLAKDKVNECVKAQSKRSGFCGQGTHIVSFVVNAPNGLYFMHVGYYPSNHIEVVSAYGLCDAANPTNCIAPVNGYFIKT------------EWSYTGSSFYAPEPIT-SLNTKYVAP-QVTYQNISTNLPPPLLG-------------------------------------------------------------------------------------------------------------------------------------------
15,6Q06,B,20200505,24,TVDVGPDSVKSACIEVD--------IQQTFFD---KTWPRPIDVSKADGIIYPQGRTYSNITITYQGLFPYQGDHGDMYVYSAGHA--TG-------TTPQKLFVANYSQDVKQFANGFVVRIGAAANSTGTVIISP--STSATIRKIYPAFMLGSSVGNFSD-GKMGRFFNHTLVLLPDGCGTLLRAFYCILEPRSGNHCPAGNSY--TSFATYHTPATDCS-DGNYNRNASLNSFKEYFNLRNCTFMY---TYNITEDE--ILEW-------FGITQTAQGVHLFSSRYVDLYG-----------GNMFQFATLPVYDT---IKYYSIIPHSIRSI-QSD--RKA-----WAAFYVYKLQPLTFLLDFSVDGYIRRAIDCGFNDLSQLHCSYESFDVESGVYSVSSFEAKPSGSVVEQ-AEGVECD--FSPLL---SGTPPQVYNFKRLVFTNCNYNLTKLLSL-FSVNDFTCSQISPAAIASNCYSSLILDYFSYPLSMKSDLSVSSAGPISQFNYKQSFSNPTCLILATVPHNLTT-----I----------------------TKPLKYSYINKCSRLLSDD-RTEVPQLVN-------------------ANQYS-------PCVSIVPSTVWEDGD------------YYRKQLSPLEGGG-----------------WLVASGST------------------------------------------VAMTEQLQMGFGITVQYGTDTNSVCPKLEFAN-DTKIASQLGNCVEYSLYGVSGRGVFQN-CTAVGVRQQRFVYDAYQNLVGYYSD-DGNYYCLRACVSVPVSVIYDK--ETKTHATLFGSVACEHI------------------------YGPLQTPVGCVLGLVNSSL-FVE--DCKLPLGQSLCALPDT-------------PGEMRLASIAFNHPIQVD---QLNSSYFKLSIPTNFSFGVTQEYIQTTIQKVTVDCKQYVCNGFQKCEQLLREYGQFCSKINQALHGANLRQDDSVRNLFASVKSSQ--SSPIIPG---FGGDFNLTLLEPV----------------ARSAIEDLLFDKVTIADPGYMQGYDDCM-QQGPASARDLICAQYVAGYKVLPPLMDVNMEAAYTSSLLGSIAGVGWTAGLSSFAAIPFAQSIFYRLNGVGITQQVLSENQKLIANKFNQALGAMQTGFTTTNEAFQKVQDAVNNNAQALSKLASELSNTFGAISASIGDIIQRLDPPEQDAQIDRLINGRLTTLNAFVAQQLVRSESAALSAQLAKDKVNECVKAQSKRSGFCGQGTHIVSFVVNAPNGLYFMHVGYYPSNHIEVVSAYGLCDAANPTNCIAPVNGYFIKT------------EWSYTGSSFYAPEPIT-SLNTKYVAP-QVTYQNISTNLPPPLLG-------------------------------------------------------------------------------------------------------------------------------------------
16,6Q06,C,20200505,24,TVDVGPDSVKSACIEVD--------IQQTFFD---KTWPRPIDVSKADGIIYPQGRTYSNITITYQGLFPYQGDHGDMYVYSAGHA--TG-------TTPQKLFVANYSQDVKQFANGFVVRIGAAANSTGTVIISP--STSATIRKIYPAFMLGSSVGNFSD-GKMGRFFNHTLVLLPDGCGTLLRAFYCILEPRSGNHCPAGNSY--TSFATYHTPATDCS-DGNYNRNASLNSFKEYFNLRNCTFMY---TYNITEDE--ILEW-------FGITQTAQGVHLFSSRYVDLYG-----------GNMFQFATLPVYDT---IKYYSIIPHSIRSI-QSD--RKA-----WAAFYVYKLQPLTFLLDFSVDGYIRRAIDCGFNDLSQLHCSYESFDVESGVYSVSSFEAKPSGSVVEQ-AEGVECD--FSPLL---SGTPPQVYNFKRLVFTNCNYNLTKLLSL-FSVNDFTCSQISPAAIASNCYSSLILDYFSYPLSMKSDLSVSSAGPISQFNYKQSFSNPTCLILATVPHNLTT-----I----------------------TKPLKYSYINKCSRLLSDD-RTEVPQLVN-------------------ANQYS-------PCVSIVPSTVWEDGD------------YYRKQLSPLEGGG-----------------WLVASGST------------------------------------------VAMTEQLQMGFGITVQYGTDTNSVCPKLEFAN-DTKIASQLGNCVEYSLYGVSGRGVFQN-CTAVGVRQQRFVYDAYQNLVGYYSD-DGNYYCLRACVSVPVSVIYDK--ETKTHATLFGSVACEHI------------------------YGPLQTPVGCVLGLVNSSL-FVE--DCKLPLGQSLCALPDT-------------PGEMRLASIAFNHPIQVD---QLNSSYFKLSIPTNFSFGVTQEYIQTTIQKVTVDCKQYVCNGFQKCEQLLREYGQFCSKINQALHGANLRQDDSVRNLFASVKSSQ--SSPIIPG---FGGDFNLTLLEPV----------------ARSAIEDLLFDKVTIADPGYMQGYDDCM-QQGPASARDLICAQYVAGYKVLPPLMDVNMEAAYTSSLLGSIAGVGWTAGLSSFAAIPFAQSIFYRLNGVGITQQVLSENQKLIANKFNQALGAMQTGFTTTNEAFQKVQDAVNNNAQALSKLASELSNTFGAISASIGDIIQRLDPPEQDAQIDRLINGRLTTLNAFVAQQLVRSESAALSAQLAKDKVNECVKAQSKRSGFCGQGTHIVSFVVNAPNGLYFMHVGYYPSNHIEVVSAYGLCDAANPTNCIAPVNGYFIKT------------EWSYTGSSFYAPEPIT-SLNTKYVAP-QVTYQNISTNLPPPLLG-------------------------------------------------------------------------------------------------------------------------------------------
17,6Q07,A,20200505,24,TVDVGPDSVKSACIEVD--------IQQTFFD---KTWPRPIDVSKADGIIYPQGRTYSNITITYQGLFPYQGDHGDMYVYSAGHA--TG-------TTPQKLFVANYSQDVKQFANGFVVRIGAAANSTGTVIISP--STSATIRKIYPAFMLGSSVGNFSD-GKMGRFFNHTLVLLPDGCGTLLRAFYCILEPRSGNHCPAGNSY--TSFATYHTPATDCS-DGNYNRNASLNSFKEYFNLRNCTFMY---TYNITEDE--ILEW-------FGITQTAQGVHLFSSRYVDLYG-----------GNMFQFATLPVYDT---IKYYSIIPHSIRSI-QSD--RKA-----WAAFYVYKLQPLTFLLDFSVDGYIRRAIDCGFNDLSQLHCSYESFDVESGVYSVSSFEAKPSGSVVEQ-AEGVECD--FSPLL---SGTPPQVYNFKRLVFTNCNYNLTKLLSL-FSVNDFTCSQISPAAIASNCYSSLILDYFSYPLSMKSDLSVSSAGPISQFNYKQSFSNPTCLILATVPHNLTT-----I----------------------TKPLKYSYINKCSRLLSDD-RTEVPQLVN-------------------ANQYS-------PCVSIVPSTVWEDGD------------YYRKQLSPLEGGG-----------------WLVASGST------------------------------------------VAMTEQLQMGFGITVQYGTDTNSVCPKLEFAN-DTKIASQLGNCVEYSLYGVSGRGVFQN-CTAVGVRQQRFVYDAYQNLVGYYSD-DGNYYCLRACVSVPVSVIYDK--ETKTHATLFGSVACEHI------------------------YGPLQTPVGCVLGLVNSSL-FVE--DCKLPLGQSLCALPDT-------------PGEMRLASIAFNHPIQVD---QLNSSYFKLSIPTNFSFGVTQEYIQTTIQKVTVDCKQYVCNGFQKCEQLLREYGQFCSKINQALHGANLRQDDSVRNLFASVKSSQ--SSPIIPG---FGGDFNLTLLEPV----------------ARSAIEDLLFDKVTIADPGYMQGYDDCM-QQGPASARDLICAQYVAGYKVLPPLMDVNMEAAYTSSLLGSIAGVGWTAGLSSFAAIPFAQSIFYRLNGVGITQQVLSENQKLIANKFNQALGAMQTGFTTTNEAFQKVQDAVNNNAQALSKLASELSNTFGAISASIGDIIQRLDPPEQDAQIDRLINGRLTTLNAFVAQQLVRSESAALSAQLAKDKVNECVKAQSKRSGFCGQGTHIVSFVVNAPNGLYFMHVGYYPSNHIEVVSAYGLCDAANPTNCIAPVNGYFIKT------------EWSYTGSSFYAPEPIT-SLNTKYVAP-QVTYQNISTNLPPPLLG-------------------------------------------------------------------------------------------------------------------------------------------
18,6Q07,B,20200505,24,TVDVGPDSVKSACIEVD--------IQQTFFD---KTWPRPIDVSKADGIIYPQGRTYSNITITYQGLFPYQGDHGDMYVYSAGHA--TG-------TTPQKLFVANYSQDVKQFANGFVVRIGAAANSTGTVIISP--STSATIRKIYPAFMLGSSVGNFSD-GKMGRFFNHTLVLLPDGCGTLLRAFYCILEPRSGNHCPAGNSY--TSFATYHTPATDCS-DGNYNRNASLNSFKEYFNLRNCTFMY---TYNITEDE--ILEW-------FGITQTAQGVHLFSSRYVDLYG-----------GNMFQFATLPVYDT---IKYYSIIPHSIRSI-QSD--RKA-----WAAFYVYKLQPLTFLLDFSVDGYIRRAIDCGFNDLSQLHCSYESFDVESGVYSVSSFEAKPSGSVVEQ-AEGVECD--FSPLL---SGTPPQVYNFKRLVFTNCNYNLTKLLSL-FSVNDFTCSQISPAAIASNCYSSLILDYFSYPLSMKSDLSVSSAGPISQFNYKQSFSNPTCLILATVPHNLTT-----I----------------------TKPLKYSYINKCSRLLSDD-RTEVPQLVN-------------------ANQYS-------PCVSIVPSTVWEDGD------------YYRKQLSPLEGGG-----------------WLVASGST------------------------------------------VAMTEQLQMGFGITVQYGTDTNSVCPKLEFAN-DTKIASQLGNCVEYSLYGVSGRGVFQN-CTAVGVRQQRFVYDAYQNLVGYYSD-DGNYYCLRACVSVPVSVIYDK--ETKTHATLFGSVACEHI------------------------YGPLQTPVGCVLGLVNSSL-FVE--DCKLPLGQSLCALPDT-------------PGEMRLASIAFNHPIQVD---QLNSSYFKLSIPTNFSFGVTQEYIQTTIQKVTVDCKQYVCNGFQKCEQLLREYGQFCSKINQALHGANLRQDDSVRNLFASVKSSQ--SSPIIPG---FGGDFNLTLLEPV----------------ARSAIEDLLFDKVTIADPGYMQGYDDCM-QQGPASARDLICAQYVAGYKVLPPLMDVNMEAAYTSSLLGSIAGVGWTAGLSSFAAIPFAQSIFYRLNGVGITQQVLSENQKLIANKFNQALGAMQTGFTTTNEAFQKVQDAVNNNAQALSKLASELSNTFGAISASIGDIIQRLDPPEQDAQIDRLINGRLTTLNAFVAQQLVRSESAALSAQLAKDKVNECVKAQSKRSGFCGQGTHIVSFVVNAPNGLYFMHVGYYPSNHIEVVSAYGLCDAANPTNCIAPVNGYFIKT------------EWSYTGSSFYAPEPIT-SLNTKYVAP-QVTYQNISTNLPPPLLG-------------------------------------------------------------------------------------------------------------------------------------------
19,6Q07,C,20200505,24,TVDVGPDSVKSACIEVD--------IQQTFFD---KTWPRPIDVSKADGIIYPQGRTYSNITITYQGLFPYQGDHGDMYVYSAGHA--TG-------TTPQKLFVANYSQDVKQFANGFVVRIGAAANSTGTVIISP--STSATIRKIYPAFMLGSSVGNFSD-GKMGRFFNHTLVLLPDGCGTLLRAFYCILEPRSGNHCPAGNSY--TSFATYHTPATDCS-DGNYNRNASLNSFKEYFNLRNCTFMY---TYNITEDE--ILEW-------FGITQTAQGVHLFSSRYVDLYG-----------GNMFQFATLPVYDT---IKYYSIIPHSIRSI-QSD--RKA-----WAAFYVYKLQPLTFLLDFSVDGYIRRAIDCGFNDLSQLHCSYESFDVESGVYSVSSFEAKPSGSVVEQ-AEGVECD--FSPLL---SGTPPQVYNFKRLVFTNCNYNLTKLLSL-FSVNDFTCSQISPAAIASNCYSSLILDYFSYPLSMKSDLSVSSAGPISQFNYKQSFSNPTCLILATVPHNLTT-----I----------------------TKPLKYSYINKCSRLLSDD-RTEVPQLVN-------------------ANQYS-------PCVSIVPSTVWEDGD------------YYRKQLSPLEGGG-----------------WLVASGST------------------------------------------VAMTEQLQMGFGITVQYGTDTNSVCPKLEFAN-DTKIASQLGNCVEYSLYGVSGRGVFQN-CTAVGVRQQRFVYDAYQNLVGYYSD-DGNYYCLRACVSVPVSVIYDK--ETKTHATLFGSVACEHI------------------------YGPLQTPVGCVLGLVNSSL-FVE--DCKLPLGQSLCALPDT-------------PGEMRLASIAFNHPIQVD---QLNSSYFKLSIPTNFSFGVTQEYIQTTIQKVTVDCKQYVCNGFQKCEQLLREYGQFCSKINQALHGANLRQDDSVRNLFASVKSSQ--SSPIIPG---FGGDFNLTLLEPV----------------ARSAIEDLLFDKVTIADPGYMQGYDDCM-QQGPASARDLICAQYVAGYKVLPPLMDVNMEAAYTSSLLGSIAGVGWTAGLSSFAAIPFAQSIFYRLNGVGITQQVLSENQKLIANKFNQALGAMQTGFTTTNEAFQKVQDAVNNNAQALSKLASELSNTFGAISASIGDIIQRLDPPEQDAQIDRLINGRLTTLNAFVAQQLVRSESAALSAQLAKDKVNECVKAQSKRSGFCGQGTHIVSFVVNAPNGLYFMHVGYYPSNHIEVVSAYGLCDAANPTNCIAPVNGYFIKT------------EWSYTGSSFYAPEPIT-SLNTKYVAP-QVTYQNISTNLPPPLLG-------------------------------------------------------------------------------------------------------------------------------------------
21,4ZPW,R,20200505,448,VECD--FSPLL---SGTPPQVYNFKRLVFTNCNYNLTKLLSL-FSVNDFTCSQISPAAIASNCYSSLILDYFSYPLSMKSDLSVSSAGPISQFNYKQSFSNPTCLILATVPHNLTT-----I----------------------TKPLKYSYINKCSRFLSDD-RTEVPQLVN-------------------ANQYS-------PCVSIVPSTVWEDGD------------YYRKQLSPLEGGG-----------------WLVASGST------------------------------------------VAMTEQLQMGFGITVQYGTDTNSVCPKL-------------------------------------------------------------------------------------------------------------------------------------------------------------------------------------------------------------------------------------------------------------------------------------------------------------------------------------------------------------------------------------------------------------------------------------------------------------------------------------------------------------------------------------------------------------------------------------------------------------------------------------------------------------------------------------------------------------------------------------------------------------------------------------------------------------------------------------------
22,4ZPW,S,20200505,448,VECD--FSPLL---SGTPPQVYNFKRLVFTNCNYNLTKLLSL-FSVNDFTCSQISPAAIASNCYSSLILDYFSYPLSMKSDLSVSSAGPISQFNYKQSFSNPTCLILATVPHNLTT-----I----------------------TKPLKYSYINKCSRFLSDD-RTEVPQLVN-------------------ANQYS-------PCVSIVPSTVWEDGD------------YYRKQLSPLEGGG-----------------WLVASGST------------------------------------------VAMTEQLQMGFGITVQYGTDTNSVCPKL-------------------------------------------------------------------------------------------------------------------------------------------------------------------------------------------------------------------------------------------------------------------------------------------------------------------------------------------------------------------------------------------------------------------------------------------------------------------------------------------------------------------------------------------------------------------------------------------------------------------------------------------------------------------------------------------------------------------------------------------------------------------------------------------------------------------------------------------
24,6VYB,B,20200505,64,AYTNSFTRGVYYPDKVFRSSVLHSTQDLFLPFFSNVTWFH----N-------------------------PVLPFNDGVYFASTEKSNI-------------------IRGWIFGTTLDSKTQSLLI--VN--------------------NATNVVIKVCE---------FQFCNDPFN------------------------NCTFEYVSFKNLREF----------------VFKN---YFKIYSKHTPIN-------DLPQGFSALEPLVDLPIGINITRFQTLL------------------------AAYYVGYLQPRTFLLKYNENGTITDAVDCALDPLSETKCTLKSFTVEKGIYQTSNFRVQPTESIVRF-PNITN-LCPFGEVF--NATRFASVYAWNRKRISNCVADYSVLYNS-ASFSTFKCYGVSPTKLNDLCFTNVYADSFVIRGDEVRQIAPGQTGKIADYNYKLPDDFTGCVIAWNSNNLDSKV---------------------------GGNYNYLYR-------KPFE-------------------------------------------R---------------------------PLQSY--------------------------GFQ-----------------------------------P-----TNGVGYQPYRVVVLSF------ATVCGPK-K-----STNLVKNKCVNFNFNGLTGTGVLTE-SNKKFLPFQQFGRDIADTTDAVRDPQTLEILDITPCSFGGVSVITPGTNTSNEVAVLYQDVNCTEV-------------------------NVFQTRAGCLIGAEHVNN----SYECDIPIGAGICASYQT------------------SQSIIAYTMSLG-AENSVAYSNNSIAIPTNFTISVTTEILPVSMTKTSVDCTMYICGDSTECSNLLLQYGSFCTQLNRALTGIAVEQDKNTQEVFAQVKQIY--KTPPIK----DFGGFNFSQILPDP------------SKSKRSFIEDLLFNKVTKFNG-----------------------------LTVLPPLLTDEMIAQYTSALLAGTITSGWTFGAGAALQIPFAMQMAYRFNGIGVTQNVLYENQKLIANQFNSAIGKIQDSLSSTASALGKLQDVVNQNAQALNTLVKQLSSNFGAISSVLNDILSRLDPPEAEVQIDRLITGRLQSLQTYVTQQLIRAAEIRASANLAATKMSECVLGQSKRVDFCGKGYHLMSFPQSAPHGVVFLHVTYVPAQEKNFTTAPAICHD---GKAHFPREGVFVSNGT----------HWFVTQRNFYEPQIIT-TDNTFVSGNCDVVIGIVNNTVYDPLQ--PELDS------------------------------------------------------------------------------------------------------------------------------------
25,6VYB,A,20200505,64,AYTNSFTRGVYYPDKVFRSSVLHSTQDLFLPFFSNVTWFH--AIH-------------------------PVLPFNDGVYFASTEKSNI-------------------IRGWIFGTTLDSK--SLLI--VN--------------------NATNVVIKVCE---------FQFCNDPFLGV-----------------------CTFEYVSFKNLREF----------------VFKNIDGYFKIYSKHTPINLV----RDLPQGFSALEPLVDLPIGINITRFQTLL------------------------AAYYVGYLQPRTFLLKYNENGTITDAVDCALDPLSETKCTLKSFTVEKGIYQTSNFRVQPTESIVRF-PNITN-LCPFGEVF--NATRFASVYAWNRKRISNCVADYSVLYNS-ASFSTFKCYGVSPTKLNDLCFTNVYADSFVIRGDEVRQIAPGQTGKIADYNYKLPDDFTGCVIAWNSNNLD--------------------------------NYNYLYRLFRKSNLKPFERDIST--------------------------------------F---------------------------PLQSY--------------------------GFQ-----------------------------------P-----TN-VGYQPYRVVVLSFELLHAPATVCGPK-K-----STNLVKNKCVNFNFNGLTGTGVLTE-SNKKFLPFQQFGRDIADTTDAVRDPQTLEILDITPCSFGGVSVITPGTNTSNEVAVLYQDVNCTEV-------------------------NVFQTRAGCLIGAEHVNN----SYECDIPIGAGICASYQT-------------------QSIIAYTMSLG-AENSVAYSNNSIAIPTNFTISVTTEILPVSMTKTSVDCTMYICGDSTECSNLLLQYGSFCTQLNRALTGIAVEQDKNTQEVFAQVKQIY--KTPPIK----DFGGFNFSQILPDP------------SKSKRSFIEDLLFNKV-TFNG-----------------------------LTVLPPLLTDEMIAQYTSALLAGTITSGWTFGAGAALQIPFAMQMAYRFNGIGVTQNVLYENQKLIANQFNSAIGKIQDSLSSTASALGKLQDVVNQNAQALNTLVKQLSSNFGAISSVLNDILSRLDPPEAEVQIDRLITGRLQSLQTYVTQQLIRAAEIRASANLAATKMSECVLGQSKRVDFCGKGYHLMSFPQSAPHGVVFLHVTYVPAQEKNFTTAPAICHD---GKAHFPREGVFVSNGT----------HWFVTQRNFYEPQIIT-TDNTFVSGNCDVVIGIVNNTVYDPLQ--PELDS------------------------------------------------------------------------------------------------------------------------------------
26,6VYB,C,20200505,64,AYTNSFTRGVYYPDKVFRSSVLHSTQDLFLPFFSNVTWFH----N-------------------------PVLPFNDGVYFASTEKSNI-------------------IRGWIFGTTLDSKTQSLLI--VN--------------------NATNVVIKVCE---------FQFCNDPFLGV----------------------NCTFEYVSFKNLREF----------------VFKNIDGYFKIYSKHTPINLV----RDLPQGFSALEPLVDLPIGINITRFQTLL-------------------------AYYVGYLQPRTFLLKYNENGTITDAVDCALDPLSETKCTLKSFTVEKGIYQTSNFRVQPTESIVRF-PNITN-LCPFGEVF--NATRFASVYAWNRKRISNCVADYSVLYNS-ASFSTFKCYGVSPTKLNDLCFTNVYADSFVIRGDEVRQIAPGQTGKIADYNYKLPDDFTGCVIAWNSNNLD--------------------------------SKNYNYLY-----RKPFERDIS---------------------------------------T---------------------------PLQSY--------------------------GFQ-----------------------------------P-----TNGVGYQPYRVVVLSFELLHAPATVCGPK-K-----STNLVKNKCVNFNFNGLTGTGVLTE-SNKKFLPFQQFGRDIADTTDAVRDPQTLEILDITPCSFGGVSVITPGTNTSNEVAVLYQDVNCTEV-------------------------NVFQTRAGCLIGAEHVNN----SYECDIPIGAGICASYQT-------------------QSIIAYTMSLG-AENSVAYSNNSIAIPTNFTISVTTEILPVSMTKTSVDCTMYICGDSTECSNLLLQYGSFCTQLNRALTGIAVEQDKNTQEVFAQVKQIY--KTPPIK----DFGGFNFSQILPDP------------SKSKRSFIEDLLFNKV-T-NG-----------------------------LTVLPPLLTDEMIAQYTSALLAGTITSGWTFGAGAALQIPFAMQMAYRFNGIGVTQNVLYENQKLIANQFNSAIGKIQDSLSSTASALGKLQDVVNQNAQALNTLVKQLSSNFGAISSVLNDILSRLDPPEAEVQIDRLITGRLQSLQTYVTQQLIRAAEIRASANLAATKMSECVLGQSKRVDFCGKGYHLMSFPQSAPHGVVFLHVTYVPAQEKNFTTAPAICHD---GKAHFPREGVFVSNGT----------HWFVTQRNFYEPQIIT-TDNTFVSGNCDVVIGIVNNTVYDPLQ--PELDS------------------------------------------------------------------------------------------------------------------------------------
